model,mask_frac,pdb_id,sample,score_nll,seq_recovery,perplexity
fullbackbone,0,1AKI,1,0.7633,0.5271,2.145344187756257
fullbackbone,0,1AKI,2,0.7479,0.5504,2.11255898129695
fullbackbone,0,1AKI,3,0.7016,0.5736,2.016977290781167
fullbackbone,0,1AKI,4,0.7095,0.5349,2.0329745172239653
fullbackbone,0,1AKI,5,0.7262,0.5581,2.067210264487659
fullbackbone,0,1AKI,6,0.7181,0.5581,2.050533493448165
fullbackbone,0,1AKI,7,0.7443,0.5814,2.104967441933995
fullbackbone,0,1AKI,8,0.7338,0.5194,2.0829809150606176
fullbackbone,0,1BPI,1,0.8461,0.5345,2.330539999109405
fullbackbone,0,1BPI,2,0.8161,0.4655,2.2616621328918662
fullbackbone,0,1BPI,3,0.92,0.4655,2.509290389936298
fullbackbone,0,1BPI,4,0.8075,0.4828,2.2422952355719685
fullbackbone,0,1BPI,5,0.8389,0.4828,2.313820373994947
fullbackbone,0,1BPI,6,0.9041,0.5345,2.4697081851588765
fullbackbone,0,1BPI,7,0.862,0.4655,2.367891744567051
fullbackbone,0,1BPI,8,0.9031,0.5,2.467239711416295
fullbackbone,0,1CRN,1,0.7595,0.5435,2.137207349626556
fullbackbone,0,1CRN,2,0.7587,0.587,2.1354982674708682
fullbackbone,0,1CRN,3,0.8137,0.587,2.256240652152124
fullbackbone,0,1CRN,4,0.7926,0.5217,2.209132710902803
fullbackbone,0,1CRN,5,0.7987,0.5217,2.2226496050528577
fullbackbone,0,1CRN,6,0.8284,0.5435,2.2896523641628015
fullbackbone,0,1CRN,7,0.7647,0.5217,2.148349773037901
fullbackbone,0,1CRN,8,0.7944,0.5652,2.2131127307256633
fullbackbone,0,1CSP,1,0.8643,0.6119,2.3733441634576713
fullbackbone,0,1CSP,2,0.937,0.5075,2.5523129824793847
fullbackbone,0,1CSP,3,0.8396,0.4328,2.315440615275032
fullbackbone,0,1CSP,4,0.9347,0.5522,2.54644940831483
fullbackbone,0,1CSP,5,0.8779,0.5522,2.4058421293483154
fullbackbone,0,1CSP,6,0.9636,0.597,2.6211155248474314
fullbackbone,0,1CSP,7,0.9299,0.5075,2.5342557393722163
fullbackbone,0,1CSP,8,0.8756,0.5522,2.4003150510274036
fullbackbone,0,1ENH,1,1.1256,0.4074,3.0820655335773193
fullbackbone,0,1ENH,2,0.9438,0.3704,2.569727854218905
fullbackbone,0,1ENH,3,1.0108,0.463,2.7477983746555927
fullbackbone,0,1ENH,4,1.1336,0.4259,3.1068209474727864
fullbackbone,0,1ENH,5,1.0096,0.3889,2.7445029942297077
fullbackbone,0,1ENH,6,0.9499,0.4259,2.5854511012780317
fullbackbone,0,1ENH,7,0.9505,0.4259,2.5870028374130873
fullbackbone,0,1ENH,8,1.12,0.4259,3.0648542032930024
fullbackbone,0,1FKB,1,0.7413,0.6542,2.098662002496428
fullbackbone,0,1FKB,2,0.7303,0.6449,2.0757032252443905
fullbackbone,0,1FKB,3,0.733,0.6075,2.08131519670475
fullbackbone,0,1FKB,4,0.7508,0.6449,2.118694294246657
fullbackbone,0,1FKB,5,0.7228,0.6542,2.060193684533627
fullbackbone,0,1FKB,6,0.7814,0.6262,2.184528465510728
fullbackbone,0,1FKB,7,0.6835,0.6822,1.9807984084117158
fullbackbone,0,1FKB,8,0.7794,0.5888,2.1801637747253886
fullbackbone,0,1HEL,1,0.7638,0.5814,2.146417128062859
fullbackbone,0,1HEL,2,0.7078,0.6047,2.0295213965289016
fullbackbone,0,1HEL,3,0.7406,0.5814,2.097193453146919
fullbackbone,0,1HEL,4,0.7376,0.5659,2.0909113007277207
fullbackbone,0,1HEL,5,0.7233,0.5736,2.0612240389430307
fullbackbone,0,1HEL,6,0.77,0.5504,2.159766253784915
fullbackbone,0,1HEL,7,0.7686,0.5349,2.156744696613157
fullbackbone,0,1HEL,8,0.7159,0.5814,2.0460272784166205
fullbackbone,0,1IGD,1,0.8063,0.5738,2.2396060950962644
fullbackbone,0,1IGD,2,0.8596,0.541,2.3622156184559637
fullbackbone,0,1IGD,3,0.8788,0.5246,2.408008361923167
fullbackbone,0,1IGD,4,0.8393,0.541,2.3147460872748584
fullbackbone,0,1IGD,5,0.8838,0.5574,2.420078554066919
fullbackbone,0,1IGD,6,0.8056,0.541,2.2380389194051817
fullbackbone,0,1IGD,7,0.8452,0.5246,2.328443456695809
fullbackbone,0,1IGD,8,0.8148,0.5574,2.2587238823957327
fullbackbone,0,1LZ1,1,0.7548,0.5846,2.127186043600021
fullbackbone,0,1LZ1,2,0.7632,0.5692,2.1451296640638446
fullbackbone,0,1LZ1,3,0.7296,0.6077,2.0742507414153697
fullbackbone,0,1LZ1,4,0.7275,0.5538,2.0698993853813565
fullbackbone,0,1LZ1,5,0.7333,0.5692,2.0819396849323115
fullbackbone,0,1LZ1,6,0.7798,0.5615,2.1810360146716383
fullbackbone,0,1LZ1,7,0.7614,0.5538,2.1412719036944576
fullbackbone,0,1LZ1,8,0.7343,0.5462,2.084022665934163
fullbackbone,0,1MBN,1,1.0128,0.3922,2.753299470667217
fullbackbone,0,1MBN,2,0.9803,0.3987,2.6652556987145175
fullbackbone,0,1MBN,3,0.989,0.3922,2.688544583045722
fullbackbone,0,1MBN,4,0.9658,0.4314,2.626888326755832
fullbackbone,0,1MBN,5,0.9934,0.3399,2.700400242534875
fullbackbone,0,1MBN,6,0.9806,0.3922,2.6660553953726334
fullbackbone,0,1MBN,7,0.9705,0.3922,2.639263761381851
fullbackbone,0,1MBN,8,0.98,0.4314,2.664456241929417
fullbackbone,0,1UBI,1,0.8129,0.5132,2.2544363814349166
fullbackbone,0,1UBI,2,0.7641,0.5789,2.147061149799708
fullbackbone,0,1UBI,3,0.83,0.5526,2.2933187402641826
fullbackbone,0,1UBI,4,0.7858,0.5526,2.194161568043146
fullbackbone,0,1UBI,5,0.7861,0.5658,2.194819915260704
fullbackbone,0,1UBI,6,0.8258,0.5132,2.2837070003381714
fullbackbone,0,1UBI,7,0.7844,0.6316,2.19109189112311
fullbackbone,0,1UBI,8,0.8025,0.5526,2.231111741428404
fullbackbone,0,1UBQ,1,0.8023,0.5526,2.2306655636993784
fullbackbone,0,1UBQ,2,0.7663,0.5132,2.1517898840296645
fullbackbone,0,1UBQ,3,0.8424,0.5526,2.3219329340023727
fullbackbone,0,1UBQ,4,0.7604,0.5658,2.1391317020699256
fullbackbone,0,1UBQ,5,0.7933,0.6053,2.21067964516426
fullbackbone,0,1UBQ,6,0.7961,0.5263,2.216878222128734
fullbackbone,0,1UBQ,7,0.7846,0.5263,2.1915301533260942
fullbackbone,0,1UBQ,8,0.7824,0.5395,2.186714086604651
fullbackbone,0,1VII,1,1.1244,0.2222,3.0783692731368424
fullbackbone,0,1VII,2,1.072,0.2222,2.921216093625068
fullbackbone,0,1VII,3,1.0232,0.2222,2.7820832011236405
fullbackbone,0,1VII,4,1.0556,0.1944,2.8736988560526218
fullbackbone,0,1VII,5,1.1217,0.1667,3.0700688866635955
fullbackbone,0,1VII,6,1.0098,0.2222,2.745051949722273
fullbackbone,0,1VII,7,1.1189,0.2222,3.061484717226473
fullbackbone,0,1VII,8,1.1311,0.25,3.09906359583394
fullbackbone,0,2ACY,1,0.8632,0.4388,2.370734920224745
fullbackbone,0,2ACY,2,0.883,0.4592,2.418143265442331
fullbackbone,0,2ACY,3,0.869,0.3673,2.38452513572846
fullbackbone,0,2ACY,4,0.7972,0.4592,2.2193181298763127
fullbackbone,0,2ACY,5,0.8417,0.4388,2.320308149689426
fullbackbone,0,2ACY,6,0.8764,0.4388,2.4022360713739097
fullbackbone,0,2ACY,7,0.8998,0.4796,2.459111239723501
fullbackbone,0,2ACY,8,0.9039,0.4592,2.469214292912716
fullbackbone,0,2GB1,1,1.035,0.3036,2.8151062356240635
fullbackbone,0,2GB1,2,1.0543,0.3929,2.8699654747633754
fullbackbone,0,2GB1,3,1.1084,0.2857,3.0295073029126964
fullbackbone,0,2GB1,4,0.9783,0.2857,2.659930514276588
fullbackbone,0,2GB1,5,1.0193,0.3393,2.7712542069037336
fullbackbone,0,2GB1,6,0.9174,0.3393,2.5027747089782086
fullbackbone,0,2GB1,7,0.9436,0.2857,2.5692139600391917
fullbackbone,0,2GB1,8,0.8944,0.2857,2.445867828420985
fullbackbone,0,2LZM,1,0.7928,0.5488,2.209574581630583
fullbackbone,0,2LZM,2,0.7948,0.5793,2.2139981528905808
fullbackbone,0,2LZM,3,0.8023,0.6159,2.2306655636993784
fullbackbone,0,2LZM,4,0.773,0.6585,2.1662552812206535
fullbackbone,0,2LZM,5,0.8165,0.5671,2.2625669787021203
fullbackbone,0,2LZM,6,0.7762,0.5976,2.173198401187712
fullbackbone,0,2LZM,7,0.8014,0.622,2.2286588678406374
fullbackbone,0,2LZM,8,0.7547,0.5793,2.1269733356312366
fullbackbone,0,2PCY,1,0.7571,0.5051,2.1320842022234463
fullbackbone,0,2PCY,2,0.7099,0.5556,2.0337878696905034
fullbackbone,0,2PCY,3,0.6842,0.5152,1.9821854527064697
fullbackbone,0,2PCY,4,0.7333,0.5455,2.0819396849323115
fullbackbone,0,2PCY,5,0.7451,0.5253,2.1066520896567833
fullbackbone,0,2PCY,6,0.7062,0.4949,2.0262767586969104
fullbackbone,0,2PCY,7,0.7671,0.5455,2.153512004693307
fullbackbone,0,2PCY,8,0.6967,0.5152,2.0071182763678883
fullbackbone,0,2PTL,1,1.1724,0.2179,3.2297347076276948
fullbackbone,0,2PTL,2,1.2682,0.2564,3.55444879286484
fullbackbone,0,2PTL,3,1.1082,0.2308,3.028901462038221
fullbackbone,0,2PTL,4,1.2687,0.2179,3.5562264616414314
fullbackbone,0,2PTL,5,1.1818,0.1923,3.2602373517057566
fullbackbone,0,2PTL,6,1.1913,0.1923,3.2913571917403477
fullbackbone,0,2PTL,7,1.1345,0.2308,3.1096183449655594
fullbackbone,0,2PTL,8,1.1853,0.2051,3.271668174708018
fullbackbone,0,3CHY,1,0.7963,0.5,2.21732164211368
fullbackbone,0,3CHY,2,0.7782,0.5,2.177549147285937
fullbackbone,0,3CHY,3,0.742,0.4688,2.100131580190361
fullbackbone,0,3CHY,4,0.8027,0.4688,2.2315580084018993
fullbackbone,0,3CHY,5,0.7964,0.4922,2.217543385364869
fullbackbone,0,3CHY,6,0.8061,0.4766,2.239158218666381
fullbackbone,0,3CHY,7,0.789,0.4844,2.201194131160753
fullbackbone,0,3CHY,8,0.8203,0.4766,2.2711810896663764
fullbackbone,0,3PGK,1,1.1871,0.2,3.2775624807064285
fullbackbone,0,3PGK,2,1.1511,0.2169,3.161668833297922
fullbackbone,0,3PGK,3,1.1335,0.2217,3.106510280911626
fullbackbone,0,3PGK,4,1.1904,0.2024,3.2883963028676333
fullbackbone,0,3PGK,5,1.1744,0.2,3.2362006408208326
fullbackbone,0,3PGK,6,1.1983,0.2096,3.314477518819381
fullbackbone,0,3PGK,7,1.2042,0.2048,3.334090738283186
fullbackbone,0,3PGK,8,1.2042,0.2169,3.334090738283186
fullbackbone,0,4HHB,1,0.7782,0.5244,2.177549147285937
fullbackbone,0,4HHB,2,0.7585,0.5087,2.135071210524492
fullbackbone,0,4HHB,3,0.748,0.5157,2.1127702477582266
fullbackbone,0,4HHB,4,0.7615,0.5244,2.1414860415915435
fullbackbone,0,4HHB,5,0.77,0.4983,2.159766253784915
fullbackbone,0,4HHB,6,0.7653,0.4774,2.1496391696820347
fullbackbone,0,4HHB,7,0.7531,0.5017,2.123572899368663
fullbackbone,0,4HHB,8,0.769,0.5035,2.157607567054386
fullbackbone,10,1AKI,1,0.7975,0.5345,2.219984025194579
fullbackbone,10,1AKI,2,0.7686,0.5517,2.156744696613157
fullbackbone,10,1AKI,3,0.7862,0.5259,2.1950394082266955
fullbackbone,10,1AKI,4,0.7624,0.5172,2.1434142465910715
fullbackbone,10,1AKI,5,0.7808,0.5259,2.1832181415679144
fullbackbone,10,1AKI,6,0.7864,0.5431,2.195478460012056
fullbackbone,10,1AKI,7,0.7779,0.5259,2.1768959805216648
fullbackbone,10,1AKI,8,0.7862,0.5259,2.1950394082266955
fullbackbone,10,1BPI,1,0.8518,0.4423,2.3438620087625184
fullbackbone,10,1BPI,2,0.9997,0.4808,2.7174664662209587
fullbackbone,10,1BPI,3,0.8823,0.4423,2.416451157463408
fullbackbone,10,1BPI,4,0.938,0.4615,2.554866572043847
fullbackbone,10,1BPI,5,0.882,0.4231,2.415726330845598
fullbackbone,10,1BPI,6,0.9893,0.4615,2.6893512674172415
fullbackbone,10,1BPI,7,0.8942,0.4038,2.4453787037693964
fullbackbone,10,1BPI,8,0.9045,0.4615,2.470696266035941
fullbackbone,10,1CRN,1,1.608,0.3415,4.992815604333296
fullbackbone,10,1CRN,2,1.6862,0.3415,5.39892575758649
fullbackbone,10,1CRN,3,1.689,0.3171,5.414063933263407
fullbackbone,10,1CRN,4,1.5981,0.3415,4.943630597352837
fullbackbone,10,1CRN,5,1.8482,0.3415,6.348382144189812
fullbackbone,10,1CRN,6,1.7999,0.3171,6.049042529913734
fullbackbone,10,1CRN,7,1.7922,0.3171,6.002643766919255
fullbackbone,10,1CRN,8,1.7035,0.3171,5.493139774676186
fullbackbone,10,1CSP,1,0.9029,0.5833,2.4667463128155167
fullbackbone,10,1CSP,2,0.879,0.5667,2.40849001175893
fullbackbone,10,1CSP,3,0.8879,0.5167,2.430021244726397
fullbackbone,10,1CSP,4,0.9088,0.5667,2.4813431343417087
fullbackbone,10,1CSP,5,0.9098,0.5333,2.483825718561278
fullbackbone,10,1CSP,6,0.9035,0.5833,2.4682268047063585
fullbackbone,10,1CSP,7,0.7908,0.55,2.2051598486718587
fullbackbone,10,1CSP,8,0.8689,0.55,2.3842866951371158
fullbackbone,10,1ENH,1,1.0091,0.3878,2.7431310857382973
fullbackbone,10,1ENH,2,1.0488,0.4082,2.8542239934075364
fullbackbone,10,1ENH,3,1.1275,0.3469,3.087927024744393
fullbackbone,10,1ENH,4,1.0882,0.4082,2.9689251946667556
fullbackbone,10,1ENH,5,0.9729,0.3878,2.645605601573314
fullbackbone,10,1ENH,6,0.9703,0.3878,2.638735961411331
fullbackbone,10,1ENH,7,1.1307,0.4286,3.097824218287641
fullbackbone,10,1ENH,8,1.1453,0.3673,3.1433842306702213
fullbackbone,10,1FKB,1,0.7477,0.5833,2.112136511749054
fullbackbone,10,1FKB,2,0.7907,0.6146,2.204939343712423
fullbackbone,10,1FKB,3,0.7558,0.6458,2.1293142935912623
fullbackbone,10,1FKB,4,0.724,0.625,2.062667400888034
fullbackbone,10,1FKB,5,0.7286,0.5833,2.072177527453703
fullbackbone,10,1FKB,6,0.715,0.6042,2.0441866822585566
fullbackbone,10,1FKB,7,0.7135,0.625,2.041122700795763
fullbackbone,10,1FKB,8,0.7457,0.6146,2.1079164601838043
fullbackbone,10,1HEL,1,0.79,0.5431,2.203396426255937
fullbackbone,10,1HEL,2,0.7805,0.5517,2.182563274360436
fullbackbone,10,1HEL,3,0.756,0.5776,2.1297401990391056
fullbackbone,10,1HEL,4,0.7735,0.5431,2.16733867968831
fullbackbone,10,1HEL,5,0.8224,0.5603,2.2759555814163877
fullbackbone,10,1HEL,6,0.7821,0.5345,2.1860581707709636
fullbackbone,10,1HEL,7,0.7898,0.5603,2.2029557910356763
fullbackbone,10,1HEL,8,0.7908,0.569,2.2051598486718587
fullbackbone,10,1IGD,1,1.0116,0.5455,2.7499974928853232
fullbackbone,10,1IGD,2,0.917,0.4909,2.5017737992899005
fullbackbone,10,1IGD,3,0.9612,0.4909,2.614832390365081
fullbackbone,10,1IGD,4,0.9403,0.5818,2.560749527965455
fullbackbone,10,1IGD,5,0.9628,0.6,2.6190194709608976
fullbackbone,10,1IGD,6,0.958,0.5455,2.6064783003886967
fullbackbone,10,1IGD,7,0.9345,0.5636,2.54594016935876
fullbackbone,10,1IGD,8,0.9794,0.4727,2.6628580476904773
fullbackbone,10,1LZ1,1,0.8102,0.5897,2.248357613234964
fullbackbone,10,1LZ1,2,0.7959,0.5983,2.216434890818917
fullbackbone,10,1LZ1,3,0.7813,0.5641,2.1843100235864554
fullbackbone,10,1LZ1,4,0.8162,0.5726,2.261888310413843
fullbackbone,10,1LZ1,5,0.7961,0.5983,2.216878222128734
fullbackbone,10,1LZ1,6,0.8359,0.6154,2.3068893146602583
fullbackbone,10,1LZ1,7,0.7698,0.5897,2.1593343437266035
fullbackbone,10,1LZ1,8,0.8298,0.6325,2.292860122379447
fullbackbone,10,1MBN,1,0.9801,0.3551,2.6647227008763354
fullbackbone,10,1MBN,2,1.0176,0.3188,2.766547076946095
fullbackbone,10,1MBN,3,1.0414,0.3623,2.8331806920986744
fullbackbone,10,1MBN,4,1.0471,0.3913,2.849375934636273
fullbackbone,10,1MBN,5,1.1048,0.3261,3.0186206842932712
fullbackbone,10,1MBN,6,1.0538,0.3623,2.868530850711895
fullbackbone,10,1MBN,7,1.0585,0.3188,2.882044678328444
fullbackbone,10,1MBN,8,1.025,0.3696,2.7870954605658507
fullbackbone,10,1UBI,1,0.9291,0.4706,2.532229145526342
fullbackbone,10,1UBI,2,0.8926,0.5147,2.441469226259395
fullbackbone,10,1UBI,3,0.8653,0.5,2.3757186946888673
fullbackbone,10,1UBI,4,0.8774,0.5441,2.404639508963792
fullbackbone,10,1UBI,5,0.845,0.5147,2.3279778145702346
fullbackbone,10,1UBI,6,0.9284,0.5294,2.5304572053758805
fullbackbone,10,1UBI,7,0.9318,0.5441,2.5390754025070863
fullbackbone,10,1UBI,8,0.9252,0.4706,2.5223726844509478
fullbackbone,10,1UBQ,1,0.9216,0.5735,2.5133084681655893
fullbackbone,10,1UBQ,2,0.8396,0.5,2.315440615275032
fullbackbone,10,1UBQ,3,0.8499,0.5441,2.3394128989386425
fullbackbone,10,1UBQ,4,0.8564,0.5,2.3546686101303385
fullbackbone,10,1UBQ,5,0.8989,0.4853,2.4568990352490876
fullbackbone,10,1UBQ,6,0.8646,0.4853,2.374056273517877
fullbackbone,10,1UBQ,7,0.885,0.5588,2.4229843914855502
fullbackbone,10,1UBQ,8,0.8713,0.5294,2.3900158554478206
fullbackbone,10,1VII,1,2.1176,0.2188,8.311166732209776
fullbackbone,10,1VII,2,2.1452,0.1875,8.543749816393767
fullbackbone,10,1VII,3,2.1018,0.1562,8.180882255546619
fullbackbone,10,1VII,4,2.0977,0.1562,8.14740930473805
fullbackbone,10,1VII,5,2.1381,0.1562,8.4833040291645
fullbackbone,10,1VII,6,1.9973,0.2188,7.369132556349573
fullbackbone,10,1VII,7,2.0745,0.125,7.960565181207655
fullbackbone,10,1VII,8,2.1175,0.1875,8.310335657091006
fullbackbone,10,2ACY,1,0.9324,0.4773,2.5405993048735835
fullbackbone,10,2ACY,2,0.9761,0.4432,2.654085099459129
fullbackbone,10,2ACY,3,0.9524,0.4545,2.5919228153030742
fullbackbone,10,2ACY,4,0.9248,0.4432,2.5213639371400793
fullbackbone,10,2ACY,5,0.9952,0.4205,2.705265340245801
fullbackbone,10,2ACY,6,0.9279,0.4659,2.5291922930276316
fullbackbone,10,2ACY,7,0.9167,0.4886,2.5010233797186774
fullbackbone,10,2ACY,8,0.9298,0.4318,2.5340023264691354
fullbackbone,10,2GB1,1,1.0539,0.32,2.8688177181400984
fullbackbone,10,2GB1,2,1.0637,0.34,2.897070343527453
fullbackbone,10,2GB1,3,1.1968,0.42,3.3095095294646666
fullbackbone,10,2GB1,4,1.1793,0.34,3.2520969380833185
fullbackbone,10,2GB1,5,1.0742,0.36,2.927649843561027
fullbackbone,10,2GB1,6,1.1142,0.26,3.0471295002409766
fullbackbone,10,2GB1,7,1.1298,0.38,3.0950374307336888
fullbackbone,10,2GB1,8,1.0132,0.28,2.7544010107488135
fullbackbone,10,2LZM,1,0.8277,0.6014,2.2880501683418477
fullbackbone,10,2LZM,2,0.8273,0.5811,2.287135131294121
fullbackbone,10,2LZM,3,0.8545,0.5743,2.350198987257431
fullbackbone,10,2LZM,4,0.8243,0.6081,2.280284007723936
fullbackbone,10,2LZM,5,0.7916,0.5811,2.206924682390159
fullbackbone,10,2LZM,6,0.7839,0.5676,2.1899966190183933
fullbackbone,10,2LZM,7,0.797,0.5541,2.218874310633741
fullbackbone,10,2LZM,8,0.8174,0.6014,2.2646042055975424
fullbackbone,10,2PCY,1,0.7813,0.4607,2.1843100235864554
fullbackbone,10,2PCY,2,0.774,0.4831,2.168422619990648
fullbackbone,10,2PCY,3,0.7605,0.4382,2.1393456259361474
fullbackbone,10,2PCY,4,0.7825,0.5056,2.186932768947246
fullbackbone,10,2PCY,5,0.768,0.4719,2.155451037931604
fullbackbone,10,2PCY,6,0.7434,0.4831,2.1030738234923723
fullbackbone,10,2PCY,7,0.7355,0.4944,2.0865249942299826
fullbackbone,10,2PCY,8,0.7611,0.4607,2.14062961847095
fullbackbone,10,2PTL,1,1.311,0.2143,3.709881739627115
fullbackbone,10,2PTL,2,1.1044,0.2143,3.0174134774770134
fullbackbone,10,2PTL,3,1.2222,0.2286,3.3946477496440535
fullbackbone,10,2PTL,4,1.2204,0.2,3.3885428797259354
fullbackbone,10,2PTL,5,1.0507,0.2286,2.8596521741337226
fullbackbone,10,2PTL,6,1.2265,0.1571,3.4092761635174096
fullbackbone,10,2PTL,7,1.161,0.1857,3.1931248048907275
fullbackbone,10,2PTL,8,1.1739,0.2286,3.234582944958089
fullbackbone,10,3CHY,1,0.8395,0.4609,2.3152090827903216
fullbackbone,10,3CHY,2,0.8104,0.4174,2.248807329727761
fullbackbone,10,3CHY,3,0.7709,0.4696,2.1617109183811247
fullbackbone,10,3CHY,4,0.7606,0.4348,2.139559571195826
fullbackbone,10,3CHY,5,0.7833,0.4174,2.1886830151675456
fullbackbone,10,3CHY,6,0.8354,0.4087,2.3057361583160385
fullbackbone,10,3CHY,7,0.8277,0.4783,2.2880501683418477
fullbackbone,10,3CHY,8,0.8024,0.4957,2.230888641409448
fullbackbone,10,3PGK,1,1.1962,0.2118,3.307524419339578
fullbackbone,10,3PGK,2,1.1441,0.1984,3.13961443192504
fullbackbone,10,3PGK,3,1.198,0.1957,3.3134833247003095
fullbackbone,10,3PGK,4,1.1358,0.2172,3.1136634775805248
fullbackbone,10,3PGK,5,1.158,0.2145,3.1835597851793858
fullbackbone,10,3PGK,6,1.211,0.2011,3.356839814502953
fullbackbone,10,3PGK,7,1.1555,0.2064,3.1756108260554248
fullbackbone,10,3PGK,8,1.1734,0.2118,3.2329660577410997
fullbackbone,10,4HHB,1,0.8082,0.4845,2.2438653917274087
fullbackbone,10,4HHB,2,0.8048,0.4981,2.2362492042511706
fullbackbone,10,4HHB,3,0.7927,0.4787,2.209353635219925
fullbackbone,10,4HHB,4,0.8251,0.4729,2.2821089648156208
fullbackbone,10,4HHB,5,0.7954,0.4864,2.215326950381699
fullbackbone,10,4HHB,6,0.8041,0.4806,2.2346843775614333
fullbackbone,10,4HHB,7,0.8316,0.5039,2.2969909872627916
fullbackbone,10,4HHB,8,0.8224,0.4884,2.2759555814163877
fullbackbone,20,1AKI,1,0.7825,0.5437,2.186932768947246
fullbackbone,20,1AKI,2,0.8005,0.5146,2.226653977195701
fullbackbone,20,1AKI,3,0.8164,0.5243,2.2623407333167083
fullbackbone,20,1AKI,4,0.7978,0.5437,2.220650120311409
fullbackbone,20,1AKI,5,0.8247,0.4951,2.2811963037740717
fullbackbone,20,1AKI,6,0.8274,0.5049,2.2873638562433074
fullbackbone,20,1AKI,7,0.779,0.5534,2.179291883605348
fullbackbone,20,1AKI,8,0.8463,0.4757,2.3310061537231346
fullbackbone,20,1BPI,1,1.3835,0.3261,3.9888381578923036
fullbackbone,20,1BPI,2,1.4081,0.3043,4.088180477322808
fullbackbone,20,1BPI,3,1.3502,0.2174,3.858197092956768
fullbackbone,20,1BPI,4,1.3786,0.3913,3.969340658802632
fullbackbone,20,1BPI,5,1.4301,0.3043,4.179117082736631
fullbackbone,20,1BPI,6,1.37,0.3696,3.9353506954704733
fullbackbone,20,1BPI,7,1.3721,0.3478,3.943623615456649
fullbackbone,20,1BPI,8,1.3425,0.3696,3.8286030585923507
fullbackbone,20,1CRN,1,1.8234,0.2703,6.192878482419173
fullbackbone,20,1CRN,2,1.9433,0.1351,6.981752780953258
fullbackbone,20,1CRN,3,1.7045,0.1622,5.4986356619365
fullbackbone,20,1CRN,4,1.7345,0.1351,5.666094048400964
fullbackbone,20,1CRN,5,1.885,0.1081,6.586354442015068
fullbackbone,20,1CRN,6,1.7589,0.1892,5.806047228504331
fullbackbone,20,1CRN,7,1.7216,0.1081,5.593470861829227
fullbackbone,20,1CRN,8,1.8568,0.1622,6.403213668238711
fullbackbone,20,1CSP,1,1.0179,0.3889,2.7673771655762476
fullbackbone,20,1CSP,2,1.1182,0.4444,3.059342427813186
fullbackbone,20,1CSP,3,1.0777,0.3704,2.9379145708075987
fullbackbone,20,1CSP,4,1.052,0.4259,2.8633721394136336
fullbackbone,20,1CSP,5,1.0893,0.4444,2.972192809239419
fullbackbone,20,1CSP,6,1.0409,0.5,2.831764455841194
fullbackbone,20,1CSP,7,1.0277,0.4815,2.7946307864215743
fullbackbone,20,1CSP,8,1.0967,0.463,2.9942686157727927
fullbackbone,20,1ENH,1,1.5575,0.2093,4.746939050956379
fullbackbone,20,1ENH,2,1.7808,0.2093,5.934602201786188
fullbackbone,20,1ENH,3,1.7023,0.2093,5.486551960425661
fullbackbone,20,1ENH,4,1.771,0.2558,5.876727151149384
fullbackbone,20,1ENH,5,1.9691,0.2791,7.164225782760038
fullbackbone,20,1ENH,6,1.8423,0.2558,6.3110369661463945
fullbackbone,20,1ENH,7,1.8911,0.1628,6.626653992779078
fullbackbone,20,1ENH,8,1.9966,0.2558,7.363975968576408
fullbackbone,20,1FKB,1,0.8643,0.5698,2.3733441634576713
fullbackbone,20,1FKB,2,0.7863,0.6047,2.195258923143081
fullbackbone,20,1FKB,3,0.8332,0.5698,2.300669114559583
fullbackbone,20,1FKB,4,0.8275,0.5581,2.2875926040661323
fullbackbone,20,1FKB,5,0.8191,0.6047,2.2684573069552574
fullbackbone,20,1FKB,6,0.8543,0.6163,2.349728994460826
fullbackbone,20,1FKB,7,0.8546,0.6163,2.350434018907544
fullbackbone,20,1FKB,8,0.8408,0.5814,2.318220811797652
fullbackbone,20,1HEL,1,0.9471,0.5243,2.5782219637100847
fullbackbone,20,1HEL,2,0.9427,0.4854,2.566902707694721
fullbackbone,20,1HEL,3,0.9087,0.466,2.4810950124345763
fullbackbone,20,1HEL,4,0.9142,0.5146,2.494778630458429
fullbackbone,20,1HEL,5,0.9701,0.466,2.63820826699025
fullbackbone,20,1HEL,6,0.9302,0.4854,2.5350161301469414
fullbackbone,20,1HEL,7,0.9399,0.466,2.559725432986919
fullbackbone,20,1HEL,8,0.9519,0.5049,2.590627177831783
fullbackbone,20,1IGD,1,0.9483,0.449,2.5813176871291015
fullbackbone,20,1IGD,2,0.9397,0.4898,2.5592135390914175
fullbackbone,20,1IGD,3,0.946,0.449,2.575387478802513
fullbackbone,20,1IGD,4,1.0162,0.5102,2.7626766209897142
fullbackbone,20,1IGD,5,0.9145,0.5306,2.4955271763238325
fullbackbone,20,1IGD,6,0.8666,0.4898,2.3788091373444518
fullbackbone,20,1IGD,7,0.9644,0.4898,2.6232132562479906
fullbackbone,20,1IGD,8,0.9813,0.4286,2.667922287485402
fullbackbone,20,1LZ1,1,0.7515,0.5769,2.1201778994538714
fullbackbone,20,1LZ1,2,0.8366,0.5288,2.308504702500303
fullbackbone,20,1LZ1,3,0.808,0.5385,2.243416663523379
fullbackbone,20,1LZ1,4,0.8136,0.5192,2.256015039367736
fullbackbone,20,1LZ1,5,0.775,0.5673,2.1705921271834425
fullbackbone,20,1LZ1,6,0.7741,0.5673,2.168639473095121
fullbackbone,20,1LZ1,7,0.7965,0.5192,2.217765150791492
fullbackbone,20,1LZ1,8,0.7901,0.5192,2.203616776915912
fullbackbone,20,1MBN,1,1.0825,0.3607,2.952050459740016
fullbackbone,20,1MBN,2,0.9751,0.4754,2.6514323409599827
fullbackbone,20,1MBN,3,1.0908,0.3279,2.9766544438426745
fullbackbone,20,1MBN,4,1.0551,0.459,2.8722623657770905
fullbackbone,20,1MBN,5,1.0331,0.3525,2.8097626118265255
fullbackbone,20,1MBN,6,1.0672,0.3852,2.907227855005761
fullbackbone,20,1MBN,7,1.0662,0.3607,2.9043220802802665
fullbackbone,20,1MBN,8,1.0193,0.4344,2.7712542069037336
fullbackbone,20,1UBI,1,0.918,0.541,2.504276824393157
fullbackbone,20,1UBI,2,0.8849,0.5738,2.4227421051609195
fullbackbone,20,1UBI,3,0.8971,0.541,2.4524805947750443
fullbackbone,20,1UBI,4,0.9563,0.623,2.6020510515058155
fullbackbone,20,1UBI,5,0.9181,0.541,2.5045272645973977
fullbackbone,20,1UBI,6,0.893,0.5246,2.442446009293482
fullbackbone,20,1UBI,7,0.8794,0.5246,2.4094536004685274
fullbackbone,20,1UBI,8,0.9332,0.541,2.5426325975261013
fullbackbone,20,1UBQ,1,1.0329,0.4426,2.8092007154956664
fullbackbone,20,1UBQ,2,1.0088,0.4754,2.7423082698411307
fullbackbone,20,1UBQ,3,1.0196,0.4918,2.772085707884716
fullbackbone,20,1UBQ,4,0.9619,0.4754,2.616663413821779
fullbackbone,20,1UBQ,5,1.0032,0.4918,2.726994262770403
fullbackbone,20,1UBQ,6,1.0368,0.4262,2.820177990057804
fullbackbone,20,1UBQ,7,1.0203,0.5082,2.774026847199732
fullbackbone,20,1UBQ,8,0.9692,0.4754,2.6358349477038363
fullbackbone,20,1VII,1,2.0397,0.069,7.688302362162142
fullbackbone,20,1VII,2,2.0862,0.1034,8.05425078589913
fullbackbone,20,1VII,3,1.9219,0.1034,6.8339306100136366
fullbackbone,20,1VII,4,2.1314,0.1379,8.426655875395369
fullbackbone,20,1VII,5,2.1046,0.1034,8.203820824872677
fullbackbone,20,1VII,6,1.984,0.1379,7.271771976378781
fullbackbone,20,1VII,7,2.0547,0.1724,7.804496172546684
fullbackbone,20,1VII,8,2.0224,0.1379,7.556438641257248
fullbackbone,20,2ACY,1,0.8556,0.4231,2.3527856285352975
fullbackbone,20,2ACY,2,0.8843,0.4359,2.4212888959041963
fullbackbone,20,2ACY,3,0.8945,0.4487,2.4461124274335737
fullbackbone,20,2ACY,4,0.8797,0.4103,2.4101765449849233
fullbackbone,20,2ACY,5,0.8446,0.4231,2.3270468096578028
fullbackbone,20,2ACY,6,0.8444,0.4103,2.3265814468337047
fullbackbone,20,2ACY,7,0.8362,0.4103,2.3075814852750574
fullbackbone,20,2ACY,8,0.8333,0.4231,2.3008991929747675
fullbackbone,20,2GB1,1,1.9408,0.1333,6.964320198808025
fullbackbone,20,2GB1,2,1.9418,0.1556,6.971288002327943
fullbackbone,20,2GB1,3,2.1052,0.1778,8.208744594350732
fullbackbone,20,2GB1,4,2.0454,0.1111,7.732250819740179
fullbackbone,20,2GB1,5,2.0535,0.2222,7.795136394129853
fullbackbone,20,2GB1,6,2.0381,0.1556,7.676010914163259
fullbackbone,20,2GB1,7,1.8651,0.1111,6.456581511860579
fullbackbone,20,2GB1,8,1.8567,0.0667,6.402573378886888
fullbackbone,20,2LZM,1,0.8547,0.5191,2.3506690740619964
fullbackbone,20,2LZM,2,0.88,0.4733,2.4108997064172097
fullbackbone,20,2LZM,3,0.9058,0.5115,2.4739102598251135
fullbackbone,20,2LZM,4,0.8993,0.4885,2.4578819914413192
fullbackbone,20,2LZM,5,0.9049,0.5191,2.4716847422244137
fullbackbone,20,2LZM,6,0.8867,0.5115,2.4271069681483852
fullbackbone,20,2LZM,7,0.9024,0.542,2.4655132479510136
fullbackbone,20,2LZM,8,0.8891,0.5573,2.4329390205354207
fullbackbone,20,2PCY,1,0.8939,0.4937,2.4446452001893038
fullbackbone,20,2PCY,2,0.8447,0.5443,2.32727952597439
fullbackbone,20,2PCY,3,0.7931,0.481,2.210237553445873
fullbackbone,20,2PCY,4,0.8423,0.5316,2.3217007523182502
fullbackbone,20,2PCY,5,0.839,0.4684,2.314051767601834
fullbackbone,20,2PCY,6,0.8608,0.4937,2.365051978673878
fullbackbone,20,2PCY,7,0.8643,0.5063,2.3733441634576713
fullbackbone,20,2PCY,8,0.8102,0.443,2.248357613234964
fullbackbone,20,2PTL,1,1.2272,0.1935,3.4116634922994638
fullbackbone,20,2PTL,2,1.4226,0.2258,4.147890948990021
fullbackbone,20,2PTL,3,1.3911,0.1935,4.01926881792765
fullbackbone,20,2PTL,4,1.216,0.1774,3.3736660440948167
fullbackbone,20,2PTL,5,1.3723,0.1613,3.9444124190574708
fullbackbone,20,2PTL,6,1.3854,0.1774,3.996424154807247
fullbackbone,20,2PTL,7,1.3958,0.1613,4.038203843826558
fullbackbone,20,2PTL,8,1.3392,0.2258,3.8159894923301376
fullbackbone,20,3CHY,1,1.0277,0.3922,2.7946307864215743
fullbackbone,20,3CHY,2,0.9578,0.3333,2.60595705685471
fullbackbone,20,3CHY,3,0.9715,0.3235,2.641904345215101
fullbackbone,20,3CHY,4,1.0123,0.3235,2.751923165036964
fullbackbone,20,3CHY,5,1.0236,0.3431,2.7831962570004243
fullbackbone,20,3CHY,6,0.9844,0.3431,2.67620567920015
fullbackbone,20,3CHY,7,0.9973,0.3431,2.7109523667481628
fullbackbone,20,3CHY,8,0.9532,0.3725,2.5939971831918394
fullbackbone,20,3PGK,1,1.2405,0.2078,3.4573417035187406
fullbackbone,20,3PGK,2,1.2399,0.2229,3.4552679206936907
fullbackbone,20,3PGK,3,1.2108,0.2108,3.3561685136723733
fullbackbone,20,3PGK,4,1.2132,0.2229,3.3642329916077602
fullbackbone,20,3PGK,5,1.234,0.2259,3.43494186080076
fullbackbone,20,3PGK,6,1.2271,0.1928,3.4113223430079826
fullbackbone,20,3PGK,7,1.2429,0.2108,3.4656492887217887
fullbackbone,20,3PGK,8,1.2368,0.2139,3.4445731755592055
fullbackbone,20,4HHB,1,0.8896,0.4652,2.4341557942137584
fullbackbone,20,4HHB,2,0.8635,0.4652,2.371446247394553
fullbackbone,20,4HHB,3,0.8687,0.4609,2.3838098854806433
fullbackbone,20,4HHB,4,0.8961,0.4435,2.4500293400119224
fullbackbone,20,4HHB,5,0.8719,0.463,2.3914502952499967
fullbackbone,20,4HHB,6,0.8669,0.4304,2.3795228871427714
fullbackbone,20,4HHB,7,0.8942,0.4326,2.4453787037693964
fullbackbone,20,4HHB,8,0.8944,0.4435,2.445867828420985
fullbackbone,30,1AKI,1,0.9341,0.4667,2.544921996939076
fullbackbone,30,1AKI,2,0.8869,0.4222,2.4275924380873906
fullbackbone,30,1AKI,3,0.9268,0.4444,2.526411711105734
fullbackbone,30,1AKI,4,0.9025,0.4778,2.465759811603786
fullbackbone,30,1AKI,5,0.9085,0.4556,2.480598843050682
fullbackbone,30,1AKI,6,0.9305,0.4222,2.53577674907312
fullbackbone,30,1AKI,7,0.8654,0.4556,2.3759562784373256
fullbackbone,30,1AKI,8,0.8657,0.4667,2.376669172249582
fullbackbone,30,1BPI,1,1.2335,0.1707,3.43322481916654
fullbackbone,30,1BPI,2,1.3001,0.2195,3.6696636156331013
fullbackbone,30,1BPI,3,1.324,0.2195,3.758425050110714
fullbackbone,30,1BPI,4,1.1861,0.2195,3.2742865564608383
fullbackbone,30,1BPI,5,1.3708,0.2195,3.938500235674956
fullbackbone,30,1BPI,6,1.276,0.1951,3.5822819014589853
fullbackbone,30,1BPI,7,1.1991,0.2195,3.317130161750135
fullbackbone,30,1BPI,8,1.263,0.1951,3.5360136321004734
fullbackbone,30,1CRN,1,2.0545,0.0625,7.8029354293916935
fullbackbone,30,1CRN,2,2.0814,0.0938,8.015683018817894
fullbackbone,30,1CRN,3,2.1409,0.0625,8.507090566057272
fullbackbone,30,1CRN,4,2.0518,0.0625,7.781895919851715
fullbackbone,30,1CRN,5,2.1012,0.0625,8.17597519845763
fullbackbone,30,1CRN,6,2.0836,0.0938,8.033336933645193
fullbackbone,30,1CRN,7,2.0848,0.0625,8.042982724282455
fullbackbone,30,1CRN,8,2.0478,0.0312,7.750830508415718
fullbackbone,30,1CSP,1,1.2171,0.4681,3.3773791185598756
fullbackbone,30,1CSP,2,1.1544,0.3191,3.172119574687051
fullbackbone,30,1CSP,3,1.2068,0.4255,3.342770653202433
fullbackbone,30,1CSP,4,1.2488,0.4043,3.486157057954899
fullbackbone,30,1CSP,5,1.2012,0.3404,3.3241034544844963
fullbackbone,30,1CSP,6,1.1723,0.4681,3.2294117503050668
fullbackbone,30,1CSP,7,1.1319,0.4043,3.1015438386754637
fullbackbone,30,1CSP,8,1.2603,0.4681,3.5264792724714242
fullbackbone,30,1ENH,1,1.8048,0.1842,6.078755575821957
fullbackbone,30,1ENH,2,2.0471,0.1579,7.745406825570289
fullbackbone,30,1ENH,3,1.9809,0.1053,7.249264388038759
fullbackbone,30,1ENH,4,1.7631,0.1579,5.8304839079690165
fullbackbone,30,1ENH,5,1.7783,0.1053,5.919784226468565
fullbackbone,30,1ENH,6,1.8371,0.1053,6.278304751437234
fullbackbone,30,1ENH,7,1.6864,0.1316,5.400005650723721
fullbackbone,30,1ENH,8,1.698,0.1316,5.46301043754358
fullbackbone,30,1FKB,1,0.7802,0.56,2.181908603583655
fullbackbone,30,1FKB,2,0.7682,0.5467,2.155882171251085
fullbackbone,30,1FKB,3,0.7618,0.6,2.14212858378053
fullbackbone,30,1FKB,4,0.6975,0.6,2.0087246134381394
fullbackbone,30,1FKB,5,0.7702,0.5867,2.160198250233877
fullbackbone,30,1FKB,6,0.7902,0.5733,2.2038371496120543
fullbackbone,30,1FKB,7,0.7938,0.5333,2.2117852613678592
fullbackbone,30,1FKB,8,0.7417,0.56,2.099501635212775
fullbackbone,30,1HEL,1,0.8903,0.4778,2.4358602997770546
fullbackbone,30,1HEL,2,0.9095,0.4556,2.4830806826066905
fullbackbone,30,1HEL,3,0.9046,0.5111,2.4709433480164376
fullbackbone,30,1HEL,4,0.941,0.4222,2.56254268016508
fullbackbone,30,1HEL,5,0.9422,0.4556,2.5656195771502417
fullbackbone,30,1HEL,6,0.9051,0.5333,2.472179128609849
fullbackbone,30,1HEL,7,0.9528,0.4556,2.592959791810671
fullbackbone,30,1HEL,8,0.8894,0.5222,2.433669011734786
fullbackbone,30,1IGD,1,1.349,0.0465,3.853570033236299
fullbackbone,30,1IGD,2,1.5726,0.0698,4.819161739639321
fullbackbone,30,1IGD,3,1.3631,0.093,3.908290241599846
fullbackbone,30,1IGD,4,1.2935,0.0698,3.645523585497616
fullbackbone,30,1IGD,5,1.336,0.0698,3.8037978429971533
fullbackbone,30,1IGD,6,1.3853,0.0698,3.9960245323732213
fullbackbone,30,1IGD,7,1.2959,0.0698,3.6542833496150644
fullbackbone,30,1IGD,8,1.3389,0.093,3.8148448671847954
fullbackbone,30,1LZ1,1,0.8638,0.5275,2.372157787994525
fullbackbone,30,1LZ1,2,0.8777,0.5055,2.405361009036081
fullbackbone,30,1LZ1,3,0.8604,0.5275,2.3641061470613423
fullbackbone,30,1LZ1,4,0.9487,0.5385,2.582350420736905
fullbackbone,30,1LZ1,5,0.9055,0.5165,2.4731681980619955
fullbackbone,30,1LZ1,6,0.8959,0.5055,2.44953938314124
fullbackbone,30,1LZ1,7,0.8849,0.5055,2.4227421051609195
fullbackbone,30,1LZ1,8,0.8788,0.5275,2.408008361923167
fullbackbone,30,1MBN,1,1.0926,0.3271,2.982017246916401
fullbackbone,30,1MBN,2,1.1062,0.3084,3.022849712880552
fullbackbone,30,1MBN,3,1.1385,0.3178,3.12208172849464
fullbackbone,30,1MBN,4,1.0395,0.2897,2.827802759437576
fullbackbone,30,1MBN,5,1.0268,0.3178,2.7921167501997917
fullbackbone,30,1MBN,6,1.0433,0.2897,2.8385688525451473
fullbackbone,30,1MBN,7,1.1007,0.2617,3.0062696763556396
fullbackbone,30,1MBN,8,1.0167,0.2804,2.7640583046923495
fullbackbone,30,1UBI,1,1.109,0.5283,3.0313255527148373
fullbackbone,30,1UBI,2,1.0531,0.4717,2.866523581742499
fullbackbone,30,1UBI,3,1.1137,0.4717,3.0456063163185694
fullbackbone,30,1UBI,4,1.1105,0.4528,3.0358759529909167
fullbackbone,30,1UBI,5,1.0452,0.5094,2.843967260228261
fullbackbone,30,1UBI,6,1.1205,0.3774,3.0663870135652833
fullbackbone,30,1UBI,7,1.0679,0.5094,2.909263626941316
fullbackbone,30,1UBI,8,1.0865,0.4717,2.963882309502706
fullbackbone,30,1UBQ,1,1.0369,0.3774,2.8204600219581697
fullbackbone,30,1UBQ,2,1.0325,0.4717,2.8080772599155637
fullbackbone,30,1UBQ,3,1.043,0.5283,2.8377174096122095
fullbackbone,30,1UBQ,4,1.0059,0.4717,2.734367096125917
fullbackbone,30,1UBQ,5,1.0453,0.4151,2.844251671174594
fullbackbone,30,1UBQ,6,1.03,0.4906,2.801065834699079
fullbackbone,30,1UBQ,7,0.9872,0.4717,2.6837095556263746
fullbackbone,30,1UBQ,8,0.984,0.4717,2.6751354109963805
fullbackbone,30,1VII,1,1.8162,0.08,6.148449892201882
fullbackbone,30,1VII,2,1.752,0.08,5.766123398239736
fullbackbone,30,1VII,3,1.8178,0.04,6.158295286244289
fullbackbone,30,1VII,4,1.7892,0.04,5.9846628205237975
fullbackbone,30,1VII,5,1.8262,0.08,6.210242840927146
fullbackbone,30,1VII,6,1.8376,0.12,6.28144468873186
fullbackbone,30,1VII,7,1.7759,0.04,5.90559377967261
fullbackbone,30,1VII,8,1.8064,0.12,6.088489369701834
fullbackbone,30,2ACY,1,1.0592,0.4058,2.884062815869006
fullbackbone,30,2ACY,2,1.0271,0.4203,2.7929545108826708
fullbackbone,30,2ACY,3,1.0855,0.3623,2.960919908640501
fullbackbone,30,2ACY,4,1.0761,0.4348,2.9332176660201426
fullbackbone,30,2ACY,5,1.0997,0.4058,3.0032649093132022
fullbackbone,30,2ACY,6,1.1341,0.3768,3.108374746363875
fullbackbone,30,2ACY,7,1.102,0.3768,3.0101803683339323
fullbackbone,30,2ACY,8,1.1376,0.4058,3.1192731190028464
fullbackbone,30,2GB1,1,1.7642,0.0513,5.836900969004299
fullbackbone,30,2GB1,2,1.6802,0.0769,5.366629189634472
fullbackbone,30,2GB1,3,1.7925,0.1026,6.004444830195315
fullbackbone,30,2GB1,4,1.7475,0.0513,5.740234137472496
fullbackbone,30,2GB1,5,1.7935,0.0769,6.010452278248916
fullbackbone,30,2GB1,6,1.7731,0.0769,5.8890812454256585
fullbackbone,30,2GB1,7,1.7145,0.1026,5.553897869073928
fullbackbone,30,2GB1,8,1.7063,0.0769,5.508542119264838
fullbackbone,30,2LZM,1,0.8172,0.5565,2.264151330045488
fullbackbone,30,2LZM,2,0.8752,0.5391,2.399355117006596
fullbackbone,30,2LZM,3,0.8816,0.5739,2.4147602335456013
fullbackbone,30,2LZM,4,0.8391,0.5304,2.314283184349239
fullbackbone,30,2LZM,5,0.8598,0.5913,2.362688108827117
fullbackbone,30,2LZM,6,0.8276,0.5043,2.2878213747648832
fullbackbone,30,2LZM,7,0.8465,0.5565,2.3314724015771104
fullbackbone,30,2LZM,8,0.8823,0.6348,2.416451157463408
fullbackbone,30,2PCY,1,0.8048,0.5362,2.2362492042511706
fullbackbone,30,2PCY,2,0.7776,0.5507,2.176243009678032
fullbackbone,30,2PCY,3,0.7957,0.5217,2.215991648166496
fullbackbone,30,2PCY,4,0.7821,0.5507,2.1860581707709636
fullbackbone,30,2PCY,5,0.807,0.5072,2.2411743681943785
fullbackbone,30,2PCY,6,0.815,0.5507,2.259175672349701
fullbackbone,30,2PCY,7,0.8028,0.5217,2.2317811753609016
fullbackbone,30,2PCY,8,0.7434,0.4928,2.1030738234923723
fullbackbone,30,2PTL,1,1.3601,0.1636,3.8965829406070105
fullbackbone,30,2PTL,2,1.3215,0.1636,3.7490407227822673
fullbackbone,30,2PTL,3,1.4447,0.1818,4.240579778041849
fullbackbone,30,2PTL,4,1.5093,0.2,4.523563191548544
fullbackbone,30,2PTL,5,1.3789,0.2182,3.9705316396384656
fullbackbone,30,2PTL,6,1.4269,0.2,4.165765282346033
fullbackbone,30,2PTL,7,1.3269,0.3091,3.7693403022218246
fullbackbone,30,2PTL,8,1.3458,0.2182,3.8412583183797087
fullbackbone,30,3CHY,1,0.9358,0.5,2.549252043830911
fullbackbone,30,3CHY,2,0.9038,0.3778,2.4689673838290846
fullbackbone,30,3CHY,3,0.8611,0.3889,2.365761600705463
fullbackbone,30,3CHY,4,0.8935,0.4778,2.4436675376547705
fullbackbone,30,3CHY,5,0.9705,0.4778,2.639263761381851
fullbackbone,30,3CHY,6,0.9661,0.4444,2.627676511475655
fullbackbone,30,3CHY,7,0.9067,0.3778,2.476137781293259
fullbackbone,30,3CHY,8,0.8891,0.4111,2.4329390205354207
fullbackbone,30,3PGK,1,1.3065,0.2234,3.6932247780709075
fullbackbone,30,3PGK,2,1.3052,0.1821,3.688426705282456
fullbackbone,30,3PGK,3,1.2901,0.2302,3.633149852572923
fullbackbone,30,3PGK,4,1.2611,0.2096,3.5293015846637554
fullbackbone,30,3PGK,5,1.2356,0.1924,3.440442166849482
fullbackbone,30,3PGK,6,1.3118,0.189,3.7128508324976135
fullbackbone,30,3PGK,7,1.2821,0.1718,3.604200605137901
fullbackbone,30,3PGK,8,1.2443,0.2062,3.470504595647814
fullbackbone,30,4HHB,1,0.9483,0.4179,2.5813176871291015
fullbackbone,30,4HHB,2,0.9535,0.4204,2.594775499088344
fullbackbone,30,4HHB,3,0.9206,0.4527,2.5107964159328775
fullbackbone,30,4HHB,4,0.9443,0.4229,2.5710130394155386
fullbackbone,30,4HHB,5,0.9383,0.4378,2.555633146995954
fullbackbone,30,4HHB,6,0.9342,0.4502,2.5451765018638044
fullbackbone,30,4HHB,7,0.9156,0.4378,2.4982737665654735
fullbackbone,30,4HHB,8,0.9316,0.4428,2.5385676382047078
ca_only,0,1AKI,1,0.8419,0.4109,2.3207722577286205
ca_only,0,1AKI,2,0.8855,0.4574,2.424196186604827
ca_only,0,1AKI,3,0.8212,0.4031,2.2732260727514277
ca_only,0,1AKI,4,0.8262,0.4031,2.284620665859229
ca_only,0,1AKI,5,0.8411,0.4264,2.3189163823715604
ca_only,0,1AKI,6,0.9229,0.4264,2.516577893840449
ca_only,0,1AKI,7,0.8902,0.4884,2.4356167259259727
ca_only,0,1AKI,8,0.8225,0.4264,2.2761831883546866
ca_only,0,1BPI,1,1.0701,0.4138,2.915671052504378
ca_only,0,1BPI,2,1.0442,0.3448,2.8411247144777874
ca_only,0,1BPI,3,1.0673,0.3448,2.9075185923278855
ca_only,0,1BPI,4,1.0306,0.3621,2.802746978492602
ca_only,0,1BPI,5,0.9811,0.3966,2.6673887563827936
ca_only,0,1BPI,6,1.0169,0.3621,2.7646111716381396
ca_only,0,1BPI,7,0.9793,0.3793,2.6625917751995543
ca_only,0,1BPI,8,1.0247,0.4138,2.7862594573344355
ca_only,0,1CRN,1,1.1013,0.4348,3.0080739793982367
ca_only,0,1CRN,2,0.9104,0.3261,2.485316461170475
ca_only,0,1CRN,3,0.9794,0.3913,2.6628580476904773
ca_only,0,1CRN,4,1.0363,0.3478,2.8187682535262772
ca_only,0,1CRN,5,1.0028,0.413,2.7259036831957504
ca_only,0,1CRN,6,1.0089,0.3696,2.7425825143801132
ca_only,0,1CRN,7,0.9935,0.3696,2.70067029606158
ca_only,0,1CRN,8,1.0309,0.3478,2.803587928722377
ca_only,0,1CSP,1,0.9405,0.4925,2.5612617290894533
ca_only,0,1CSP,2,0.9783,0.4179,2.659930514276588
ca_only,0,1CSP,3,0.9122,0.3881,2.4897940594300643
ca_only,0,1CSP,4,0.8623,0.4776,2.3686022186562057
ca_only,0,1CSP,5,0.9422,0.4627,2.5656195771502417
ca_only,0,1CSP,6,0.9548,0.4627,2.5981509007728847
ca_only,0,1CSP,7,0.9586,0.4925,2.6080426566288715
ca_only,0,1CSP,8,0.9369,0.4179,2.552057763942276
ca_only,0,1ENH,1,1.073,0.3889,2.9241387708137303
ca_only,0,1ENH,2,0.9856,0.3704,2.6794190536542573
ca_only,0,1ENH,3,1.066,0.3148,2.90374127394678
ca_only,0,1ENH,4,1.0026,0.4074,2.725358556973551
ca_only,0,1ENH,5,1.048,0.4074,2.8519415273209767
ca_only,0,1ENH,6,1.0561,0.3333,2.8751360647528807
ca_only,0,1ENH,7,1.131,0.4259,3.098753704969158
ca_only,0,1ENH,8,1.0092,0.3519,2.7434054125629834
ca_only,0,1FKB,1,0.8609,0.5888,2.3652884956973996
ca_only,0,1FKB,2,0.8294,0.4766,2.2919431617348507
ca_only,0,1FKB,3,0.8493,0.5327,2.3380096722093953
ca_only,0,1FKB,4,0.8151,0.5234,2.2594016012131917
ca_only,0,1FKB,5,0.8279,0.5327,2.2885078241395704
ca_only,0,1FKB,6,0.8659,0.5607,2.3771445536205844
ca_only,0,1FKB,7,0.8374,0.486,2.3103522451808396
ca_only,0,1FKB,8,0.8232,0.5794,2.2777770743815604
ca_only,0,1HEL,1,0.8613,0.4109,2.3662348003439906
ca_only,0,1HEL,2,0.9013,0.4574,2.462802674467
ca_only,0,1HEL,3,0.8516,0.4264,2.343393283234881
ca_only,0,1HEL,4,0.9064,0.4884,2.4753950513739293
ca_only,0,1HEL,5,0.8596,0.4574,2.3622156184559637
ca_only,0,1HEL,6,0.8834,0.4186,2.419110716225765
ca_only,0,1HEL,7,0.8693,0.4419,2.3852406005835407
ca_only,0,1HEL,8,0.8449,0.4264,2.3277450284282786
ca_only,0,1IGD,1,1.0941,0.4426,2.9864936292341926
ca_only,0,1IGD,2,1.0803,0.3934,2.9455630874546754
ca_only,0,1IGD,3,1.0143,0.3934,2.7574325188844346
ca_only,0,1IGD,4,0.9967,0.4098,2.7093262832019605
ca_only,0,1IGD,5,0.9815,0.3934,2.6684559253049023
ca_only,0,1IGD,6,0.9923,0.3443,2.6974314354113593
ca_only,0,1IGD,7,1.0111,0.4098,2.7486228378312827
ca_only,0,1IGD,8,1.0257,0.3443,2.7890471103859915
ca_only,0,1LZ1,1,0.9115,0.3923,2.4880518134456993
ca_only,0,1LZ1,2,0.8623,0.4077,2.3686022186562057
ca_only,0,1LZ1,3,0.9282,0.4385,2.5299511645405754
ca_only,0,1LZ1,4,0.8958,0.4077,2.4492944414502147
ca_only,0,1LZ1,5,0.9177,0.3692,2.5035256540270274
ca_only,0,1LZ1,6,0.9267,0.4231,2.5261590825662608
ca_only,0,1LZ1,7,0.9217,0.4308,2.5135598115793667
ca_only,0,1LZ1,8,0.9228,0.4,2.516326248633535
ca_only,0,1MBN,1,1.0029,0.3922,2.726176287194043
ca_only,0,1MBN,2,0.9785,0.3725,2.6604625535816004
ca_only,0,1MBN,3,1.0016,0.4183,2.722634560641743
ca_only,0,1MBN,4,0.9911,0.4248,2.694196459062872
ca_only,0,1MBN,5,0.9724,0.4248,2.644283129418118
ca_only,0,1MBN,6,1.0312,0.3791,2.8044291312750675
ca_only,0,1MBN,7,0.9751,0.4248,2.6514323409599827
ca_only,0,1MBN,8,1.023,0.4052,2.78152684012137
ca_only,0,1UBI,1,0.8508,0.5132,2.341519318294214
ca_only,0,1UBI,2,0.898,0.4737,2.4546888208630264
ca_only,0,1UBI,3,0.8341,0.5,2.3027406488132716
ca_only,0,1UBI,4,0.8513,0.4737,2.342690370692064
ca_only,0,1UBI,5,0.825,0.4737,2.2818807653293036
ca_only,0,1UBI,6,0.8642,0.5132,2.373106840907651
ca_only,0,1UBI,7,0.8381,0.4474,2.3119700579208646
ca_only,0,1UBI,8,0.8416,0.4868,2.320076130475611
ca_only,0,1UBQ,1,0.8463,0.4737,2.3310061537231346
ca_only,0,1UBQ,2,0.8372,0.4342,2.309890220935768
ca_only,0,1UBQ,3,0.8286,0.5132,2.2901103404317342
ca_only,0,1UBQ,4,0.813,0.4868,2.254661836345618
ca_only,0,1UBQ,5,0.84,0.4474,2.3163669767810915
ca_only,0,1UBQ,6,0.8368,0.4474,2.3089664496139752
ca_only,0,1UBQ,7,0.8404,0.4737,2.317293708905873
ca_only,0,1UBQ,8,0.8515,0.4868,2.3431589556231334
ca_only,0,1VII,1,1.0693,0.2222,2.913339448428357
ca_only,0,1VII,2,1.0251,0.1667,2.7873741840478488
ca_only,0,1VII,3,1.0483,0.2222,2.852797238129376
ca_only,0,1VII,4,1.0971,0.3056,2.995466562792533
ca_only,0,1VII,5,1.0721,0.2222,2.9215082298409976
ca_only,0,1VII,6,1.1371,0.25,3.1177138722875086
ca_only,0,1VII,7,1.0606,0.2778,2.888103331512222
ca_only,0,1VII,8,1.0231,0.25,2.78180500671348
ca_only,0,2ACY,1,0.9519,0.3367,2.590627177831783
ca_only,0,2ACY,2,0.8901,0.3878,2.4353731764310576
ca_only,0,2ACY,3,0.8983,0.3265,2.455425337981329
ca_only,0,2ACY,4,0.906,0.3776,2.4744050913585824
ca_only,0,2ACY,5,0.9358,0.3776,2.549252043830911
ca_only,0,2ACY,6,0.9397,0.3571,2.5592135390914175
ca_only,0,2ACY,7,0.9009,0.3571,2.46181775039516
ca_only,0,2ACY,8,0.9624,0.3571,2.6179720726661375
ca_only,0,2GB1,1,0.887,0.3214,2.427835209469566
ca_only,0,2GB1,2,0.9212,0.2857,2.5123033458161945
ca_only,0,2GB1,3,0.9222,0.3036,2.5148169057325056
ca_only,0,2GB1,4,0.9509,0.3393,2.588037845535877
ca_only,0,2GB1,5,1.0674,0.375,2.907809358725196
ca_only,0,2GB1,6,0.9973,0.3214,2.7109523667481628
ca_only,0,2GB1,7,0.9872,0.3036,2.6837095556263746
ca_only,0,2GB1,8,0.8905,0.3214,2.436347520557464
ca_only,0,2LZM,1,0.7452,0.6037,2.106862765399361
ca_only,0,2LZM,2,0.7657,0.6585,2.150499197343973
ca_only,0,2LZM,3,0.7627,0.6098,2.1440573673283363
ca_only,0,2LZM,4,0.7841,0.622,2.1904346621450492
ca_only,0,2LZM,5,0.8143,0.5732,2.2575948027479695
ca_only,0,2LZM,6,0.7836,0.6402,2.1893397185726813
ca_only,0,2LZM,7,0.7855,0.5793,2.1935034183001307
ca_only,0,2LZM,8,0.8108,0.6402,2.249707032588228
ca_only,0,2PCY,1,0.8229,0.404,2.277093843748965
ca_only,0,2PCY,2,0.8978,0.4242,2.4541979321893574
ca_only,0,2PCY,3,0.8689,0.3535,2.3842866951371158
ca_only,0,2PCY,4,0.858,0.4545,2.3584390954904646
ca_only,0,2PCY,5,0.8664,0.4343,2.3783334230899937
ca_only,0,2PCY,6,0.8979,0.4343,2.454443364253975
ca_only,0,2PCY,7,0.8821,0.4747,2.415967915557717
ca_only,0,2PCY,8,0.8955,0.4242,2.4485597633250085
ca_only,0,2PTL,1,1.4861,0.2436,4.419824546766365
ca_only,0,2PTL,2,1.4072,0.2308,4.08450277010971
ca_only,0,2PTL,3,1.4238,0.2564,4.152871405805243
ca_only,0,2PTL,4,1.5541,0.2436,4.73082686442164
ca_only,0,2PTL,5,1.4457,0.2436,4.244822478816719
ca_only,0,2PTL,6,1.4441,0.1923,4.238036193326745
ca_only,0,2PTL,7,1.479,0.2564,4.388554930978704
ca_only,0,2PTL,8,1.4669,0.2179,4.335773388622348
ca_only,0,3CHY,1,0.8543,0.4375,2.349728994460826
ca_only,0,3CHY,2,0.8755,0.4688,2.400075031523476
ca_only,0,3CHY,3,0.8073,0.4609,2.241846821367769
ca_only,0,3CHY,4,0.8156,0.4531,2.260531584486075
ca_only,0,3CHY,5,0.8722,0.4609,2.3921678379645974
ca_only,0,3CHY,6,0.8257,0.4297,2.283478641056292
ca_only,0,3CHY,7,0.8266,0.4219,2.2855346969195973
ca_only,0,3CHY,8,0.8,0.4219,2.225540928492468
ca_only,0,3PGK,1,1.2773,0.2,3.586941896271228
ca_only,0,3PGK,2,1.2883,0.1904,3.6266160650112194
ca_only,0,3PGK,3,1.2721,0.1976,3.5683382099154297
ca_only,0,3PGK,4,1.2837,0.1807,3.6099719419443486
ca_only,0,3PGK,5,1.2668,0.188,3.5494760462896466
ca_only,0,3PGK,6,1.2713,0.188,3.5654846809112875
ca_only,0,3PGK,7,1.274,0.1831,3.5751244974458816
ca_only,0,3PGK,8,1.2746,0.1928,3.5772702157954823
ca_only,0,4HHB,1,0.8349,0.4425,2.30458357840587
ca_only,0,4HHB,2,0.8264,0.4704,2.2850776356878604
ca_only,0,4HHB,3,0.8481,0.4373,2.3352057432965627
ca_only,0,4HHB,4,0.8369,0.4599,2.3091973578041536
ca_only,0,4HHB,5,0.844,0.4652,2.3256510003566726
ca_only,0,4HHB,6,0.8163,0.4512,2.262114510554703
ca_only,0,4HHB,7,0.8564,0.4564,2.3546686101303385
ca_only,0,4HHB,8,0.8446,0.446,2.3270468096578028
ca_only,10,1AKI,1,0.9391,0.431,2.557678471534282
ca_only,10,1AKI,2,0.9201,0.3966,2.5095413315221617
ca_only,10,1AKI,3,0.9605,0.4138,2.613002648176306
ca_only,10,1AKI,4,0.9107,0.3966,2.486062167959252
ca_only,10,1AKI,5,0.9078,0.3793,2.4788630314654805
ca_only,10,1AKI,6,0.9147,0.431,2.4960263316729683
ca_only,10,1AKI,7,0.9037,0.4483,2.468720499435127
ca_only,10,1AKI,8,0.9231,0.4224,2.5170812597541308
ca_only,10,1BPI,1,1.072,0.3269,2.921216093625068
ca_only,10,1BPI,2,1.0865,0.3269,2.963882309502706
ca_only,10,1BPI,3,1.0862,0.3077,2.962993278171223
ca_only,10,1BPI,4,1.1167,0.3269,3.0547568542114623
ca_only,10,1BPI,5,1.0646,0.3269,2.8996788805021896
ca_only,10,1BPI,6,1.0852,0.3462,2.9600317658959816
ca_only,10,1BPI,7,1.1182,0.3269,3.059342427813186
ca_only,10,1BPI,8,1.0794,0.3269,2.942913273271211
ca_only,10,1CRN,1,1.7351,0.1951,5.669494724930945
ca_only,10,1CRN,2,1.7497,0.2195,5.752876554134156
ca_only,10,1CRN,3,1.7525,0.1951,5.769007180824422
ca_only,10,1CRN,4,1.696,0.1951,5.452095335408995
ca_only,10,1CRN,5,1.6948,0.1951,5.445556744945414
ca_only,10,1CRN,6,1.76,0.1707,5.812437394402589
ca_only,10,1CRN,7,1.8606,0.2683,6.4275921699959
ca_only,10,1CRN,8,1.7209,0.2195,5.589556802306604
ca_only,10,1CSP,1,0.9935,0.5333,2.70067029606158
ca_only,10,1CSP,2,1.0597,0.45,2.885505207844885
ca_only,10,1CSP,3,0.9739,0.4167,2.6482525304187328
ca_only,10,1CSP,4,0.9355,0.35,2.548487382922633
ca_only,10,1CSP,5,0.9368,0.45,2.5518025709257453
ca_only,10,1CSP,6,0.9802,0.4167,2.6649891864704807
ca_only,10,1CSP,7,0.9333,0.3833,2.5428868734994405
ca_only,10,1CSP,8,0.9939,0.4,2.7017507802624383
ca_only,10,1ENH,1,1.1564,0.3673,3.178470162307183
ca_only,10,1ENH,2,1.1783,0.3061,3.2488464666518233
ca_only,10,1ENH,3,1.1786,0.3673,3.249821266804531
ca_only,10,1ENH,4,1.1625,0.3061,3.197918086160276
ca_only,10,1ENH,5,1.1637,0.3673,3.2017578912859666
ca_only,10,1ENH,6,1.2403,0.3469,3.4566503043202617
ca_only,10,1ENH,7,1.181,0.3469,3.2576302048221932
ca_only,10,1ENH,8,1.1308,0.3265,3.098134016199107
ca_only,10,1FKB,1,0.7901,0.4583,2.203616776915912
ca_only,10,1FKB,2,0.8613,0.4792,2.3662348003439906
ca_only,10,1FKB,3,0.7966,0.5,2.2179869383957667
ca_only,10,1FKB,4,0.8202,0.5104,2.2709539829129364
ca_only,10,1FKB,5,0.8867,0.4479,2.4271069681483852
ca_only,10,1FKB,6,0.8384,0.5,2.312663752987298
ca_only,10,1FKB,7,0.8225,0.4271,2.2761831883546866
ca_only,10,1FKB,8,0.8195,0.5208,2.2693648713788233
ca_only,10,1HEL,1,0.9154,0.4224,2.4977741617743052
ca_only,10,1HEL,2,0.9238,0.4483,2.518843833464785
ca_only,10,1HEL,3,0.9384,0.4224,2.555888723089245
ca_only,10,1HEL,4,0.9405,0.4052,2.5612617290894533
ca_only,10,1HEL,5,0.9336,0.3534,2.5436498540028434
ca_only,10,1HEL,6,0.9357,0.3621,2.548997131372363
ca_only,10,1HEL,7,0.9312,0.4224,2.5375524142077617
ca_only,10,1HEL,8,0.9053,0.4224,2.47267361388245
ca_only,10,1IGD,1,1.0994,0.3818,3.0023640649738157
ca_only,10,1IGD,2,1.0362,0.3273,2.8184863907942965
ca_only,10,1IGD,3,1.0236,0.4545,2.7831962570004243
ca_only,10,1IGD,4,1.0501,0.3818,2.857936897463702
ca_only,10,1IGD,5,1.091,0.2545,2.977249834268501
ca_only,10,1IGD,6,1.0124,0.3273,2.7521983711135425
ca_only,10,1IGD,7,1.0228,0.3273,2.780970590380174
ca_only,10,1IGD,8,1.0606,0.3091,2.888103331512222
ca_only,10,1LZ1,1,0.9124,0.4103,2.4902920680411516
ca_only,10,1LZ1,2,0.9191,0.453,2.507033044543153
ca_only,10,1LZ1,3,0.925,0.4615,2.521868260358148
ca_only,10,1LZ1,4,0.9628,0.453,2.6190194709608976
ca_only,10,1LZ1,5,0.897,0.4359,2.4522353589775614
ca_only,10,1LZ1,6,0.9026,0.4615,2.4660063999141566
ca_only,10,1LZ1,7,0.9444,0.4444,2.571270153574974
ca_only,10,1LZ1,8,0.9381,0.4444,2.55512207147581
ca_only,10,1MBN,1,1.0336,0.3696,2.81116784441131
ca_only,10,1MBN,2,1.0741,0.3116,2.927357093214432
ca_only,10,1MBN,3,1.0496,0.3333,2.8565082861975495
ca_only,10,1MBN,4,1.0444,0.3406,2.8416929962469655
ca_only,10,1MBN,5,1.0639,0.3551,2.897649815541428
ca_only,10,1MBN,6,1.0123,0.3551,2.751923165036964
ca_only,10,1MBN,7,1.0852,0.3913,2.9600317658959816
ca_only,10,1MBN,8,1.0343,0.3478,2.813136350799253
ca_only,10,1UBI,1,0.9656,0.4265,2.626363001624745
ca_only,10,1UBI,2,0.9548,0.3971,2.5981509007728847
ca_only,10,1UBI,3,0.9627,0.3971,2.6187575821084623
ca_only,10,1UBI,4,0.8925,0.4265,2.4412250915437084
ca_only,10,1UBI,5,0.9379,0.4412,2.5546110981605494
ca_only,10,1UBI,6,0.9143,0.3676,2.495028120795784
ca_only,10,1UBI,7,0.9057,0.4265,2.47366288116827
ca_only,10,1UBI,8,0.9805,0.4265,2.6657888031629287
ca_only,10,1UBQ,1,0.9221,0.3824,2.5145654366155976
ca_only,10,1UBQ,2,0.9792,0.3971,2.6623255293345496
ca_only,10,1UBQ,3,0.9413,0.3676,2.5633115582950827
ca_only,10,1UBQ,4,1.0004,0.4118,2.719369358681973
ca_only,10,1UBQ,5,1.0359,0.4118,2.8176409716962634
ca_only,10,1UBQ,6,0.9685,0.4412,2.6339905088693505
ca_only,10,1UBQ,7,0.9727,0.3971,2.645076533361584
ca_only,10,1UBQ,8,0.9933,0.3971,2.7001302160121727
ca_only,10,1VII,1,1.925,0.125,6.855148665899178
ca_only,10,1VII,2,2.0488,0.2188,7.758585215631515
ca_only,10,1VII,3,2.0133,0.0938,7.487986977066747
ca_only,10,1VII,4,1.9583,0.1875,7.087268461862779
ca_only,10,1VII,5,2.108,0.2812,8.231761287547819
ca_only,10,1VII,6,1.9291,0.1562,6.8833124717786305
ca_only,10,1VII,7,2.0561,0.1562,7.815430119165003
ca_only,10,1VII,8,2.0008,0.2188,7.3949697089384046
ca_only,10,2ACY,1,1.0038,0.3068,2.7286309502852193
ca_only,10,2ACY,2,1.0347,0.3409,2.8142618304204903
ca_only,10,2ACY,3,1.0412,0.3409,2.8326141126200906
ca_only,10,2ACY,4,1.0508,0.3182,2.859938153649874
ca_only,10,2ACY,5,1.0477,0.3182,2.851086073187316
ca_only,10,2ACY,6,1.0234,0.3182,2.7826396734092387
ca_only,10,2ACY,7,1.0684,0.3068,2.910718622473357
ca_only,10,2ACY,8,0.9957,0.2614,2.7066183111304585
ca_only,10,2GB1,1,1.0617,0.26,2.891281993120255
ca_only,10,2GB1,2,1.0954,0.32,2.990378595633223
ca_only,10,2GB1,3,1.1681,0.32,3.2158766645304824
ca_only,10,2GB1,4,1.1577,0.3,3.1826048604896973
ca_only,10,2GB1,5,1.0472,0.3,2.849660886477091
ca_only,10,2GB1,6,1.0561,0.36,2.8751360647528807
ca_only,10,2GB1,7,1.1113,0.34,3.038305625492727
ca_only,10,2GB1,8,1.1128,0.28,3.042866503734483
ca_only,10,2LZM,1,0.7941,0.6014,2.2124488964865603
ca_only,10,2LZM,2,0.8344,0.5473,2.3034315746416083
ca_only,10,2LZM,3,0.8409,0.6081,2.3184526454703223
ca_only,10,2LZM,4,0.8118,0.6081,2.2519578648493774
ca_only,10,2LZM,5,0.8662,0.5878,2.3778578039688734
ca_only,10,2LZM,6,0.8194,0.6149,2.2691379462381316
ca_only,10,2LZM,7,0.8375,0.5878,2.3105832919575042
ca_only,10,2LZM,8,0.8119,0.6351,2.252183071896027
ca_only,10,2PCY,1,1.0251,0.427,2.7873741840478488
ca_only,10,2PCY,2,1.0276,0.382,2.79435133731562
ca_only,10,2PCY,3,1.0483,0.4382,2.852797238129376
ca_only,10,2PCY,4,1.0207,0.4494,2.775136679890352
ca_only,10,2PCY,5,0.9755,0.3933,2.652493126039239
ca_only,10,2PCY,6,0.9914,0.3933,2.695004839251556
ca_only,10,2PCY,7,0.9705,0.4831,2.639263761381851
ca_only,10,2PCY,8,1.0293,0.4157,2.79910577471582
ca_only,10,2PTL,1,1.4891,0.0857,4.433103929521261
ca_only,10,2PTL,2,1.3733,0.2,3.948358804340304
ca_only,10,2PTL,3,1.3841,0.2143,3.9912321789215275
ca_only,10,2PTL,4,1.4141,0.2429,4.112783294830861
ca_only,10,2PTL,5,1.4863,0.2143,4.420708600078102
ca_only,10,2PTL,6,1.4635,0.1286,4.321056791493137
ca_only,10,2PTL,7,1.5229,0.2286,4.585503893013832
ca_only,10,2PTL,8,1.4333,0.2,4.192511677322674
ca_only,10,3CHY,1,0.9021,0.4174,2.4647737049136307
ca_only,10,3CHY,2,0.9006,0.4609,2.4610793158407627
ca_only,10,3CHY,3,0.9103,0.4435,2.4850679419505264
ca_only,10,3CHY,4,0.9244,0.4174,2.520355593247446
ca_only,10,3CHY,5,0.9147,0.4,2.4960263316729683
ca_only,10,3CHY,6,0.9491,0.4261,2.583383567520781
ca_only,10,3CHY,7,0.9116,0.4261,2.488300631067718
ca_only,10,3CHY,8,0.8825,0.3826,2.416934496027146
ca_only,10,3PGK,1,1.2667,0.193,3.5491211164318064
ca_only,10,3PGK,2,1.2815,0.1957,3.6020387334011956
ca_only,10,3PGK,3,1.321,0.1796,3.7471666709728715
ca_only,10,3PGK,4,1.3035,0.1903,3.6821617066411423
ca_only,10,3PGK,5,1.3052,0.1796,3.688426705282456
ca_only,10,3PGK,6,1.2653,0.1796,3.544155823384933
ca_only,10,3PGK,7,1.3441,0.1662,3.8347337267127193
ca_only,10,3PGK,8,1.3364,0.1823,3.8053196664787574
ca_only,10,4HHB,1,0.9162,0.438,2.4997731806046426
ca_only,10,4HHB,2,0.9062,0.438,2.474900021868255
ca_only,10,4HHB,3,0.9056,0.4496,2.473415527248055
ca_only,10,4HHB,4,0.9032,0.4264,2.4674864477240464
ca_only,10,4HHB,5,0.9114,0.4419,2.4878030207041992
ca_only,10,4HHB,6,0.9088,0.4477,2.4813431343417087
ca_only,10,4HHB,7,0.9083,0.4341,2.480102772890741
ca_only,10,4HHB,8,0.9316,0.4341,2.5385676382047078
ca_only,20,1AKI,1,0.9687,0.4175,2.634517359654447
ca_only,20,1AKI,2,0.9198,0.3786,2.5087885820407725
ca_only,20,1AKI,3,0.9703,0.4272,2.638735961411331
ca_only,20,1AKI,4,0.9082,0.3883,2.479854775013553
ca_only,20,1AKI,5,0.9485,0.4078,2.581834002296323
ca_only,20,1AKI,6,0.9184,0.4078,2.5052787354917747
ca_only,20,1AKI,7,0.9171,0.4078,2.5020239891791154
ca_only,20,1AKI,8,0.9547,0.4078,2.597891098673129
ca_only,20,1BPI,1,1.8636,0.2609,6.446903899616522
ca_only,20,1BPI,2,1.8462,0.3043,6.335698068205441
ca_only,20,1BPI,3,2.0266,0.3043,7.588242424744303
ca_only,20,1BPI,4,1.8782,0.2609,6.54171916374994
ca_only,20,1BPI,5,1.8885,0.2826,6.6094470710892805
ca_only,20,1BPI,6,1.8646,0.2609,6.453354028042843
ca_only,20,1BPI,7,1.8802,0.3043,6.554815694242423
ca_only,20,1BPI,8,1.8296,0.2174,6.231393602505752
ca_only,20,1CRN,1,1.2979,0.1892,3.661599229755809
ca_only,20,1CRN,2,1.2999,0.1622,3.6689297562983545
ca_only,20,1CRN,3,1.3523,0.1622,3.866307820134822
ca_only,20,1CRN,4,1.1957,0.1622,3.3058710705015626
ca_only,20,1CRN,5,1.2751,0.1622,3.5790592981366927
ca_only,20,1CRN,6,1.2994,0.1622,3.6670957499599983
ca_only,20,1CRN,7,1.3807,0.1892,3.977685032712165
ca_only,20,1CRN,8,1.2475,0.1622,3.4816279983061724
ca_only,20,1CSP,1,1.2159,0.4259,3.3733286943581753
ca_only,20,1CSP,2,1.2075,0.3148,3.345111411829613
ca_only,20,1CSP,3,1.2699,0.3333,3.5604964949029543
ca_only,20,1CSP,4,1.2073,0.3333,3.3444424564450155
ca_only,20,1CSP,5,1.1574,0.3889,3.1816502222344485
ca_only,20,1CSP,6,1.2487,0.2407,3.485808459679308
ca_only,20,1CSP,7,1.2097,0.463,3.352478758044979
ca_only,20,1CSP,8,1.2021,0.3889,3.3270964942594006
ca_only,20,1ENH,1,1.6546,0.0465,5.230987108799777
ca_only,20,1ENH,2,1.5828,0.0698,4.868568736710784
ca_only,20,1ENH,3,1.5846,0.0465,4.877340052252596
ca_only,20,1ENH,4,1.6784,0.0233,5.3569779458184
ca_only,20,1ENH,5,1.6499,0.0233,5.206459155231162
ca_only,20,1ENH,6,1.6454,0.0233,5.183082725447347
ca_only,20,1ENH,7,1.6835,0.0233,5.384368319426166
ca_only,20,1ENH,8,1.7478,0.0698,5.741956466050107
ca_only,20,1FKB,1,0.9114,0.3837,2.4878030207041992
ca_only,20,1FKB,2,0.9201,0.4651,2.5095413315221617
ca_only,20,1FKB,3,0.9133,0.4535,2.4925343397733144
ca_only,20,1FKB,4,0.9271,0.4302,2.5271697483189626
ca_only,20,1FKB,5,0.8762,0.4419,2.4017556722011535
ca_only,20,1FKB,6,0.9259,0.4767,2.5241389634555915
ca_only,20,1FKB,7,0.8779,0.5,2.4058421293483154
ca_only,20,1FKB,8,0.9213,0.4186,2.5125545887127116
ca_only,20,1HEL,1,1.1051,0.301,3.019526406350075
ca_only,20,1HEL,2,1.0846,0.3689,2.958256279535617
ca_only,20,1HEL,3,1.0994,0.301,3.0023640649738157
ca_only,20,1HEL,4,1.0858,0.3204,2.9618083178678147
ca_only,20,1HEL,5,1.1275,0.3495,3.087927024744393
ca_only,20,1HEL,6,1.1094,0.2718,3.0325383254743046
ca_only,20,1HEL,7,1.0729,0.3398,2.9238463715568557
ca_only,20,1HEL,8,1.0941,0.3495,2.9864936292341926
ca_only,20,1IGD,1,1.1075,0.2857,3.0267819729225303
ca_only,20,1IGD,2,1.1022,0.3061,3.0107824646152204
ca_only,20,1IGD,3,1.1781,0.3265,3.248196762331091
ca_only,20,1IGD,4,1.0783,0.2857,2.9396778484804864
ca_only,20,1IGD,5,1.1354,0.3469,3.1124182612493616
ca_only,20,1IGD,6,1.1123,0.3061,3.041345450777544
ca_only,20,1IGD,7,1.1561,0.2653,3.1775167642753455
ca_only,20,1IGD,8,1.1351,0.2857,3.1114846758158037
ca_only,20,1LZ1,1,0.9474,0.4135,2.578995546330789
ca_only,20,1LZ1,2,1.0372,0.4519,2.821306286898151
ca_only,20,1LZ1,3,0.9706,0.4423,2.639527700954748
ca_only,20,1LZ1,4,0.9655,0.4327,2.6261003784559596
ca_only,20,1LZ1,5,0.9354,0.4231,2.5482325469263527
ca_only,20,1LZ1,6,0.9222,0.4327,2.5148169057325056
ca_only,20,1LZ1,7,0.9621,0.4519,2.617186798841301
ca_only,20,1LZ1,8,1.0268,0.4327,2.7921167501997917
ca_only,20,1MBN,1,1.0416,0.4426,2.8337473849044854
ca_only,20,1MBN,2,1.1061,0.4098,3.0225474430230084
ca_only,20,1MBN,3,1.1393,0.3934,3.124580393210059
ca_only,20,1MBN,4,1.112,0.4262,3.040433183989171
ca_only,20,1MBN,5,1.1159,0.4262,3.0523140259896655
ca_only,20,1MBN,6,1.1502,0.3525,3.1588246114397744
ca_only,20,1MBN,7,1.107,0.377,3.0252689602207656
ca_only,20,1MBN,8,1.0688,0.4262,2.9118831428108867
ca_only,20,1UBI,1,1.052,0.4098,2.8633721394136336
ca_only,20,1UBI,2,0.9552,0.3443,2.5991903690129825
ca_only,20,1UBI,3,0.9863,0.377,2.6812953036026834
ca_only,20,1UBI,4,0.9985,0.3115,2.7142074622549535
ca_only,20,1UBI,5,0.9397,0.4426,2.5592135390914175
ca_only,20,1UBI,6,1.0416,0.3443,2.8337473849044854
ca_only,20,1UBI,7,0.984,0.3607,2.6751354109963805
ca_only,20,1UBI,8,1.0456,0.377,2.8451050746800726
ca_only,20,1UBQ,1,0.9346,0.3279,2.5461947761058212
ca_only,20,1UBQ,2,0.9663,0.3115,2.628202099334984
ca_only,20,1UBQ,3,1.0045,0.3279,2.7305416606210153
ca_only,20,1UBQ,4,0.9871,0.2787,2.6834411980889126
ca_only,20,1UBQ,5,0.9638,0.3607,2.6216398003782064
ca_only,20,1UBQ,6,0.9853,0.2623,2.678615348499962
ca_only,20,1UBQ,7,1.07,0.3115,2.915379499976997
ca_only,20,1UBQ,8,0.999,0.2951,2.715564905318567
ca_only,20,1VII,1,1.4957,0.0345,4.462459181227245
ca_only,20,1VII,2,1.5614,0.0345,4.7654882607029965
ca_only,20,1VII,3,1.5135,0.0345,4.5426021106960555
ca_only,20,1VII,4,1.4827,0.0,4.404822660965035
ca_only,20,1VII,5,1.537,0.0345,4.650617469856458
ca_only,20,1VII,6,1.5336,0.0,4.634832220589155
ca_only,20,1VII,7,1.4557,0.0,4.287483653971459
ca_only,20,1VII,8,1.5228,0.0345,4.585045365551286
ca_only,20,2ACY,1,0.9134,0.3974,2.492783605670379
ca_only,20,2ACY,2,0.9974,0.3846,2.7112234755400513
ca_only,20,2ACY,3,0.9467,0.3718,2.577190881154859
ca_only,20,2ACY,4,1.0207,0.4359,2.775136679890352
ca_only,20,2ACY,5,0.906,0.3974,2.4744050913585824
ca_only,20,2ACY,6,0.9459,0.3846,2.575129952931141
ca_only,20,2ACY,7,0.9619,0.3846,2.616663413821779
ca_only,20,2ACY,8,0.9578,0.4231,2.60595705685471
ca_only,20,2GB1,1,2.1461,0.1333,8.551442652485497
ca_only,20,2GB1,2,2.103,0.1556,8.190705206845303
ca_only,20,2GB1,3,1.9419,0.1333,6.971985165985777
ca_only,20,2GB1,4,1.9958,0.1333,7.358087143645591
ca_only,20,2GB1,5,1.849,0.0444,6.353462881929286
ca_only,20,2GB1,6,1.9112,0.1111,6.761197369258932
ca_only,20,2GB1,7,1.7854,0.0667,5.9619642563915916
ca_only,20,2GB1,8,1.7877,0.0444,5.975692555673575
ca_only,20,2LZM,1,0.9378,0.5344,2.5543556498233633
ca_only,20,2LZM,2,0.8566,0.5496,2.3551395909488764
ca_only,20,2LZM,3,0.8457,0.5573,2.3296079695281047
ca_only,20,2LZM,4,0.862,0.5573,2.367891744567051
ca_only,20,2LZM,5,0.8928,0.5802,2.441957568937287
ca_only,20,2LZM,6,0.886,0.5649,2.425408587773163
ca_only,20,2LZM,7,0.9443,0.5878,2.5710130394155386
ca_only,20,2LZM,8,0.915,0.5267,2.496775251904888
ca_only,20,2PCY,1,1.1224,0.4051,3.0722186872266737
ca_only,20,2PCY,2,1.1739,0.3671,3.234582944958089
ca_only,20,2PCY,3,1.0951,0.4177,2.9894816166081144
ca_only,20,2PCY,4,1.1259,0.3924,3.0829902919442116
ca_only,20,2PCY,5,1.0768,0.4177,2.9352716371923964
ca_only,20,2PCY,6,1.1059,0.443,3.021942993981323
ca_only,20,2PCY,7,1.1444,0.3924,3.140556457551397
ca_only,20,2PCY,8,1.0874,0.4177,2.9665510043137866
ca_only,20,2PTL,1,1.5219,0.1129,4.580920681108706
ca_only,20,2PTL,2,1.6273,0.2742,5.09011284368806
ca_only,20,2PTL,3,1.6209,0.2258,5.0576401449644415
ca_only,20,2PTL,4,1.6299,0.2258,5.103364356583395
ca_only,20,2PTL,5,1.4953,0.1613,4.4606745545038935
ca_only,20,2PTL,6,1.558,0.2903,4.749313113948145
ca_only,20,2PTL,7,1.606,0.2742,4.982839952102077
ca_only,20,2PTL,8,1.606,0.2419,4.982839952102077
ca_only,20,3CHY,1,1.1105,0.3725,3.0358759529909167
ca_only,20,3CHY,2,1.0633,0.3235,2.89591174712477
ca_only,20,3CHY,3,1.0937,0.3235,2.985299270670136
ca_only,20,3CHY,4,1.0635,0.2549,2.896490987396291
ca_only,20,3CHY,5,1.0875,0.2941,2.966847674247467
ca_only,20,3CHY,6,1.0857,0.3039,2.961512151844576
ca_only,20,3CHY,7,1.0738,0.3137,2.926479017804365
ca_only,20,3CHY,8,1.0658,0.2745,2.9031605837629444
ca_only,20,3PGK,1,1.3721,0.1988,3.943623615456649
ca_only,20,3PGK,2,1.3829,0.2018,3.9864455728448602
ca_only,20,3PGK,3,1.3817,0.1747,3.9816647072505065
ca_only,20,3PGK,4,1.4193,0.1898,4.134225469301261
ca_only,20,3PGK,5,1.3952,0.1807,4.035781648251601
ca_only,20,3PGK,6,1.4052,0.2139,4.076341928131749
ca_only,20,3PGK,7,1.4475,0.1988,4.25247004001883
ca_only,20,3PGK,8,1.3951,0.2048,4.035378090265011
ca_only,20,4HHB,1,1.0166,0.3913,2.7637819126817114
ca_only,20,4HHB,2,1.015,0.4174,2.7593633973762812
ca_only,20,4HHB,3,1.0025,0.4109,2.725086034744192
ca_only,20,4HHB,4,1.0359,0.3957,2.8176409716962634
ca_only,20,4HHB,5,0.9966,0.4174,2.7090553641198203
ca_only,20,4HHB,6,0.9952,0.4043,2.705265340245801
ca_only,20,4HHB,7,0.9751,0.4022,2.6514323409599827
ca_only,20,4HHB,8,1.0262,0.4043,2.7904419826301856
ca_only,30,1AKI,1,1.1383,0.3667,3.121457374586413
ca_only,30,1AKI,2,1.1951,0.3444,3.303888142797061
ca_only,30,1AKI,3,1.1198,0.3889,3.064241293745341
ca_only,30,1AKI,4,1.1906,0.3889,3.2890540479005184
ca_only,30,1AKI,5,1.1903,0.3778,3.28806747967878
ca_only,30,1AKI,6,1.2106,0.3667,3.3554973470885336
ca_only,30,1AKI,7,1.1432,0.3444,3.1367900500987753
ca_only,30,1AKI,8,1.1947,0.3,3.302566851815756
ca_only,30,1BPI,1,1.3848,0.122,3.9940270195268615
ca_only,30,1BPI,2,1.3809,0.122,3.978480649277712
ca_only,30,1BPI,3,1.3511,0.122,3.8616710333791278
ca_only,30,1BPI,4,1.3874,0.1463,4.004425001296402
ca_only,30,1BPI,5,1.39,0.122,4.014850052994201
ca_only,30,1BPI,6,1.389,0.122,4.01083720969726
ca_only,30,1BPI,7,1.3308,0.122,3.7840694325354334
ca_only,30,1BPI,8,1.4024,0.122,4.064944135089796
ca_only,30,1CRN,1,1.1762,0.0625,3.2420310477663508
ca_only,30,1CRN,2,1.1348,0.0312,3.110551370415869
ca_only,30,1CRN,3,1.1643,0.0938,3.203679522452439
ca_only,30,1CRN,4,1.2043,0.0625,3.3344241640280234
ca_only,30,1CRN,5,1.169,0.0625,3.218772256349426
ca_only,30,1CRN,6,1.1571,0.125,3.180695870327722
ca_only,30,1CRN,7,1.125,0.0938,3.080216848918031
ca_only,30,1CRN,8,1.1375,0.125,3.1189612072867923
ca_only,30,1CSP,1,1.7581,0.2766,5.801404248161291
ca_only,30,1CSP,2,1.5547,0.3617,4.733666212259463
ca_only,30,1CSP,3,1.5498,0.2979,4.710527982777346
ca_only,30,1CSP,4,1.7348,0.2979,5.667794131615216
ca_only,30,1CSP,5,1.59,0.4894,4.903748928326623
ca_only,30,1CSP,6,1.7677,0.2553,5.857365915160292
ca_only,30,1CSP,7,1.821,0.2553,6.178033395291561
ca_only,30,1CSP,8,1.7575,0.2553,5.79792444965634
ca_only,30,1ENH,1,1.0062,0.0,2.73518752931358
ca_only,30,1ENH,2,1.005,0.0,2.731907272825927
ca_only,30,1ENH,3,1.026,0.0,2.789883950038779
ca_only,30,1ENH,4,1.0341,0.0,2.812573779788069
ca_only,30,1ENH,5,1.0189,0.0,2.770145926891751
ca_only,30,1ENH,6,1.0831,0.0,2.9538222214912326
ca_only,30,1ENH,7,1.0559,0.0,2.8745610950388185
ca_only,30,1ENH,8,1.0636,0.0,2.896780650977969
ca_only,30,1FKB,1,0.9049,0.4667,2.4716847422244137
ca_only,30,1FKB,2,0.9231,0.4,2.5170812597541308
ca_only,30,1FKB,3,0.9408,0.44,2.562030222876484
ca_only,30,1FKB,4,0.9547,0.4267,2.597891098673129
ca_only,30,1FKB,5,0.9274,0.4533,2.52792801297747
ca_only,30,1FKB,6,0.9915,0.4267,2.695274353210955
ca_only,30,1FKB,7,0.9434,0.4,2.568700168628038
ca_only,30,1FKB,8,0.9514,0.4133,2.5893321880172997
ca_only,30,1HEL,1,1.1485,0.3222,3.153459171516439
ca_only,30,1HEL,2,1.173,0.3778,3.2316731299208064
ca_only,30,1HEL,3,1.1015,0.3556,3.0086756543596067
ca_only,30,1HEL,4,1.114,0.3222,3.046520135279456
ca_only,30,1HEL,5,1.1226,0.3333,3.0728331924125896
ca_only,30,1HEL,6,1.1264,0.3778,3.0845321725282075
ca_only,30,1HEL,7,1.0867,0.3667,2.964475145246205
ca_only,30,1HEL,8,1.135,0.3444,3.111173542905127
ca_only,30,1IGD,1,1.3958,0.0465,4.038203843826558
ca_only,30,1IGD,2,1.3755,0.0233,3.957054755749035
ca_only,30,1IGD,3,1.365,0.0465,3.915723051992722
ca_only,30,1IGD,4,1.3884,0.0233,4.008431429177771
ca_only,30,1IGD,5,1.4631,0.0233,4.319328714414997
ca_only,30,1IGD,6,1.3851,0.0233,3.9952254073819096
ca_only,30,1IGD,7,1.4543,0.0233,4.281485376629757
ca_only,30,1IGD,8,1.3616,0.0233,3.9024322008663783
ca_only,30,1LZ1,1,1.0263,0.4066,2.790721040781124
ca_only,30,1LZ1,2,1.0486,0.4505,2.853653205689529
ca_only,30,1LZ1,3,1.0471,0.3956,2.849375934636273
ca_only,30,1LZ1,4,1.0666,0.4615,2.905484041489127
ca_only,30,1LZ1,5,1.0319,0.4286,2.806392918912446
ca_only,30,1LZ1,6,1.0573,0.4286,2.878588298956838
ca_only,30,1LZ1,7,1.0382,0.4725,2.8241290043085283
ca_only,30,1LZ1,8,1.0053,0.4835,2.7327269679558968
ca_only,30,1MBN,1,1.1043,0.3364,3.0171117512158303
ca_only,30,1MBN,2,1.1551,0.3645,3.174340835739999
ca_only,30,1MBN,3,1.1274,0.3271,3.087618247481039
ca_only,30,1MBN,4,1.088,0.2897,2.9683314690023677
ca_only,30,1MBN,5,1.164,0.2523,3.2027185627468664
ca_only,30,1MBN,6,1.0859,0.3178,2.9621045135091366
ca_only,30,1MBN,7,1.1072,0.2897,3.0258740745222226
ca_only,30,1MBN,8,1.1457,0.2991,3.1446418358667607
ca_only,30,1UBI,1,1.025,0.3208,2.7870954605658507
ca_only,30,1UBI,2,1.0889,0.3208,2.971004169859448
ca_only,30,1UBI,3,1.0222,0.3396,2.7793025085005523
ca_only,30,1UBI,4,1.0817,0.2642,2.949689763776514
ca_only,30,1UBI,5,1.0614,0.3019,2.8904147386169985
ca_only,30,1UBI,6,1.077,0.3208,2.935858750229181
ca_only,30,1UBI,7,1.0409,0.3019,2.831764455841194
ca_only,30,1UBI,8,1.0505,0.3962,2.859080300888127
ca_only,30,1UBQ,1,1.0191,0.283,2.7707000114837417
ca_only,30,1UBQ,2,0.9872,0.3774,2.6837095556263746
ca_only,30,1UBQ,3,1.0065,0.3019,2.736008208668122
ca_only,30,1UBQ,4,1.0008,0.3396,2.7204573240040038
ca_only,30,1UBQ,5,0.9486,0.3396,2.5820921986061527
ca_only,30,1UBQ,6,1.0033,0.3208,2.727266975832106
ca_only,30,1UBQ,7,0.9242,0.3208,2.5198515725325485
ca_only,30,1UBQ,8,0.995,0.3585,2.7047243412794524
ca_only,30,1VII,1,1.2339,0.0,3.4345983837888165
ca_only,30,1VII,2,1.296,0.04,3.6546487962220517
ca_only,30,1VII,3,1.2676,0.0,3.5523167632619628
ca_only,30,1VII,4,1.3568,0.0,3.8837454104777764
ca_only,30,1VII,5,1.3118,0.0,3.7128508324976135
ca_only,30,1VII,6,1.2464,0.0,3.4778003131208455
ca_only,30,1VII,7,1.3591,0.04,3.892688305308605
ca_only,30,1VII,8,1.2841,0.0,3.6114162195573916
ca_only,30,2ACY,1,1.1448,0.2899,3.1418129314124363
ca_only,30,2ACY,2,1.1821,0.3188,3.261215569636621
ca_only,30,2ACY,3,1.18,0.3333,3.2543742028896707
ca_only,30,2ACY,4,1.2226,0.2754,3.396005880351944
ca_only,30,2ACY,5,1.168,0.2464,3.2155550929428767
ca_only,30,2ACY,6,1.1917,0.3478,3.2926739979607302
ca_only,30,2ACY,7,1.2729,0.3043,3.5711940226561483
ca_only,30,2ACY,8,1.1486,0.3188,3.153774533201412
ca_only,30,2GB1,1,1.2752,0.0,3.5794172219623994
ca_only,30,2GB1,2,1.417,0.0,4.124727677369532
ca_only,30,2GB1,3,1.2827,0.0,3.606363774386863
ca_only,30,2GB1,4,1.2903,0.0,3.6338765552112786
ca_only,30,2GB1,5,1.2576,0.0,3.516970620891889
ca_only,30,2GB1,6,1.1804,0.0,3.2556762129554793
ca_only,30,2GB1,7,1.3578,0.0256,3.887631098408412
ca_only,30,2GB1,8,1.3128,0.0256,3.71656554037449
ca_only,30,2LZM,1,0.9141,0.6,2.494529165068861
ca_only,30,2LZM,2,0.8665,0.6,2.3785712683243663
ca_only,30,2LZM,3,0.8651,0.6174,2.375243598461136
ca_only,30,2LZM,4,0.9092,0.6087,2.4823358701293663
ca_only,30,2LZM,5,0.844,0.5652,2.3256510003566726
ca_only,30,2LZM,6,0.9218,0.5739,2.5138111801287426
ca_only,30,2LZM,7,0.9046,0.5739,2.4709433480164376
ca_only,30,2LZM,8,0.9041,0.5826,2.4697081851588765
ca_only,30,2PCY,1,0.9931,0.4348,2.6995902439679744
ca_only,30,2PCY,2,0.9708,0.3623,2.6400556592890125
ca_only,30,2PCY,3,0.9613,0.4203,2.615093886678715
ca_only,30,2PCY,4,1.0461,0.3478,2.846527982914827
ca_only,30,2PCY,5,1.0251,0.3623,2.7873741840478488
ca_only,30,2PCY,6,0.9957,0.3913,2.7066183111304585
ca_only,30,2PCY,7,0.9631,0.4348,2.6198052946698485
ca_only,30,2PCY,8,1.0563,0.3768,2.8757111494723864
ca_only,30,2PTL,1,1.4658,0.2,4.331006660076208
ca_only,30,2PTL,2,1.3897,0.1091,4.01364577862849
ca_only,30,2PTL,3,1.5012,0.2364,4.487070325329715
ca_only,30,2PTL,4,1.4318,0.1273,4.186227624024923
ca_only,30,2PTL,5,1.526,0.1273,4.599741011213829
ca_only,30,2PTL,6,1.4494,0.1273,4.26055741366688
ca_only,30,2PTL,7,1.4998,0.2364,4.480792822151804
ca_only,30,2PTL,8,1.4808,0.1636,4.396461443581049
ca_only,30,3CHY,1,0.9394,0.4111,2.558445890182784
ca_only,30,3CHY,2,0.954,0.4667,2.59607321123889
ca_only,30,3CHY,3,0.9213,0.4556,2.5125545887127116
ca_only,30,3CHY,4,0.9699,0.4111,2.6376806780974995
ca_only,30,3CHY,5,0.9515,0.4556,2.589591134183194
ca_only,30,3CHY,6,0.9106,0.4444,2.4858135741723526
ca_only,30,3CHY,7,0.922,0.4778,2.514313992644344
ca_only,30,3CHY,8,0.9339,0.4667,2.544413063434735
ca_only,30,3PGK,1,1.4567,0.1856,4.291773282082017
ca_only,30,3PGK,2,1.4319,0.189,4.186646267719161
ca_only,30,3PGK,3,1.4002,0.1615,4.05601108794745
ca_only,30,3PGK,4,1.4194,0.1615,4.134638912520007
ca_only,30,3PGK,5,1.4329,0.1753,4.190835008007963
ca_only,30,3PGK,6,1.395,0.1684,4.034974572632203
ca_only,30,3PGK,7,1.4071,0.1821,4.0840943402545316
ca_only,30,3PGK,8,1.4477,0.1993,4.253320619081904
ca_only,30,4HHB,1,1.0241,0.3806,2.784588203086447
ca_only,30,4HHB,2,1.0443,0.3831,2.841408841155332
ca_only,30,4HHB,3,1.0563,0.3905,2.8757111494723864
ca_only,30,4HHB,4,1.0298,0.3856,2.8005056775497215
ca_only,30,4HHB,5,0.9971,0.3532,2.710410230490246
ca_only,30,4HHB,6,1.0416,0.3905,2.8337473849044854
ca_only,30,4HHB,7,1.0531,0.3756,2.866523581742499
ca_only,30,4HHB,8,1.0196,0.3706,2.772085707884716
