pdb_id,model,position,contact_number,match
1UBQ,fullbackbone,0,9,1
1UBQ,fullbackbone,1,10,0
1UBQ,fullbackbone,2,14,1
1UBQ,fullbackbone,3,12,1
1UBQ,fullbackbone,4,14,1
1UBQ,fullbackbone,5,14,0
1UBQ,fullbackbone,6,11,0
1UBQ,fullbackbone,7,6,0
1UBQ,fullbackbone,8,3,0
1UBQ,fullbackbone,9,3,1
1UBQ,fullbackbone,10,4,0
1UBQ,fullbackbone,11,11,1
1UBQ,fullbackbone,12,11,0
1UBQ,fullbackbone,13,10,0
1UBQ,fullbackbone,14,12,1
1UBQ,fullbackbone,15,8,1
1UBQ,fullbackbone,16,12,1
1UBQ,fullbackbone,17,13,1
1UBQ,fullbackbone,18,12,1
1UBQ,fullbackbone,19,8,1
1UBQ,fullbackbone,20,11,1
1UBQ,fullbackbone,21,16,1
1UBQ,fullbackbone,22,14,1
1UBQ,fullbackbone,23,11,0
1UBQ,fullbackbone,24,12,0
1UBQ,fullbackbone,25,16,0
1UBQ,fullbackbone,26,17,1
1UBQ,fullbackbone,27,12,0
1UBQ,fullbackbone,28,13,1
1UBQ,fullbackbone,29,15,1
1UBQ,fullbackbone,30,12,0
1UBQ,fullbackbone,31,8,0
1UBQ,fullbackbone,32,8,1
1UBQ,fullbackbone,33,6,0
1UBQ,fullbackbone,34,6,1
1UBQ,fullbackbone,35,11,1
1UBQ,fullbackbone,36,10,1
1UBQ,fullbackbone,37,14,1
1UBQ,fullbackbone,38,8,0
1UBQ,fullbackbone,39,11,0
1UBQ,fullbackbone,40,13,1
1UBQ,fullbackbone,41,13,0
1UBQ,fullbackbone,42,18,1
1UBQ,fullbackbone,43,13,1
1UBQ,fullbackbone,44,12,0
1UBQ,fullbackbone,45,9,0
1UBQ,fullbackbone,46,5,1
1UBQ,fullbackbone,47,5,1
1UBQ,fullbackbone,48,9,0
1UBQ,fullbackbone,49,16,1
1UBQ,fullbackbone,50,11,1
1UBQ,fullbackbone,51,11,1
1UBQ,fullbackbone,52,7,0
1UBQ,fullbackbone,53,10,0
1UBQ,fullbackbone,54,16,1
1UBQ,fullbackbone,55,15,1
1UBQ,fullbackbone,56,9,0
1UBQ,fullbackbone,57,8,1
1UBQ,fullbackbone,58,10,1
1UBQ,fullbackbone,59,8,1
1UBQ,fullbackbone,60,13,1
1UBQ,fullbackbone,61,10,0
1UBQ,fullbackbone,62,10,0
1UBQ,fullbackbone,63,9,0
1UBQ,fullbackbone,64,10,0
1UBQ,fullbackbone,65,15,1
1UBQ,fullbackbone,66,18,0
1UBQ,fullbackbone,67,15,0
1UBQ,fullbackbone,68,16,1
1UBQ,fullbackbone,69,11,0
1UBQ,fullbackbone,70,12,1
1UBQ,fullbackbone,71,6,0
1UBQ,fullbackbone,72,6,0
1UBQ,fullbackbone,73,3,0
1UBQ,fullbackbone,74,1,1
1UBQ,fullbackbone,75,1,1
1UBQ,ca_only,0,9,1
1UBQ,ca_only,1,10,0
1UBQ,ca_only,2,14,1
1UBQ,ca_only,3,12,0
1UBQ,ca_only,4,14,0
1UBQ,ca_only,5,14,0
1UBQ,ca_only,6,11,0
1UBQ,ca_only,7,6,0
1UBQ,ca_only,8,3,0
1UBQ,ca_only,9,3,1
1UBQ,ca_only,10,4,1
1UBQ,ca_only,11,11,0
1UBQ,ca_only,12,11,1
1UBQ,ca_only,13,10,0
1UBQ,ca_only,14,12,1
1UBQ,ca_only,15,8,1
1UBQ,ca_only,16,12,1
1UBQ,ca_only,17,13,0
1UBQ,ca_only,18,12,0
1UBQ,ca_only,19,8,0
1UBQ,ca_only,20,11,1
1UBQ,ca_only,21,16,1
1UBQ,ca_only,22,14,1
1UBQ,ca_only,23,11,1
1UBQ,ca_only,24,12,0
1UBQ,ca_only,25,16,1
1UBQ,ca_only,26,17,1
1UBQ,ca_only,27,12,0
1UBQ,ca_only,28,13,1
1UBQ,ca_only,29,15,1
1UBQ,ca_only,30,12,0
1UBQ,ca_only,31,8,0
1UBQ,ca_only,32,8,1
1UBQ,ca_only,33,6,0
1UBQ,ca_only,34,6,1
1UBQ,ca_only,35,11,1
1UBQ,ca_only,36,10,1
1UBQ,ca_only,37,14,1
1UBQ,ca_only,38,8,0
1UBQ,ca_only,39,11,0
1UBQ,ca_only,40,13,1
1UBQ,ca_only,41,13,0
1UBQ,ca_only,42,18,1
1UBQ,ca_only,43,13,1
1UBQ,ca_only,44,12,1
1UBQ,ca_only,45,9,0
1UBQ,ca_only,46,5,1
1UBQ,ca_only,47,5,1
1UBQ,ca_only,48,9,0
1UBQ,ca_only,49,16,1
1UBQ,ca_only,50,11,0
1UBQ,ca_only,51,11,1
1UBQ,ca_only,52,7,0
1UBQ,ca_only,53,10,0
1UBQ,ca_only,54,16,1
1UBQ,ca_only,55,15,1
1UBQ,ca_only,56,9,0
1UBQ,ca_only,57,8,1
1UBQ,ca_only,58,10,1
1UBQ,ca_only,59,8,0
1UBQ,ca_only,60,13,1
1UBQ,ca_only,61,10,0
1UBQ,ca_only,62,10,0
1UBQ,ca_only,63,9,0
1UBQ,ca_only,64,10,0
1UBQ,ca_only,65,15,1
1UBQ,ca_only,66,18,0
1UBQ,ca_only,67,15,0
1UBQ,ca_only,68,16,1
1UBQ,ca_only,69,11,0
1UBQ,ca_only,70,12,0
1UBQ,ca_only,71,6,0
1UBQ,ca_only,72,6,0
1UBQ,ca_only,73,3,0
1UBQ,ca_only,74,1,0
1UBQ,ca_only,75,1,0
2LZM,fullbackbone,0,8,1
2LZM,fullbackbone,1,7,1
2LZM,fullbackbone,2,11,1
2LZM,fullbackbone,3,12,0
2LZM,fullbackbone,4,6,1
2LZM,fullbackbone,5,15,1
2LZM,fullbackbone,6,17,1
2LZM,fullbackbone,7,10,0
2LZM,fullbackbone,8,10,1
2LZM,fullbackbone,9,16,0
2LZM,fullbackbone,10,11,1
2LZM,fullbackbone,11,7,1
2LZM,fullbackbone,12,12,1
2LZM,fullbackbone,13,14,0
2LZM,fullbackbone,14,13,1
2LZM,fullbackbone,15,10,1
2LZM,fullbackbone,16,17,1
2LZM,fullbackbone,17,15,1
2LZM,fullbackbone,18,11,1
2LZM,fullbackbone,19,10,0
2LZM,fullbackbone,20,6,0
2LZM,fullbackbone,21,4,0
2LZM,fullbackbone,22,7,1
2LZM,fullbackbone,23,15,1
2LZM,fullbackbone,24,21,1
2LZM,fullbackbone,25,18,1
2LZM,fullbackbone,26,21,1
2LZM,fullbackbone,27,22,1
2LZM,fullbackbone,28,20,1
2LZM,fullbackbone,29,20,1
2LZM,fullbackbone,30,18,1
2LZM,fullbackbone,31,15,1
2LZM,fullbackbone,32,17,1
2LZM,fullbackbone,33,13,1
2LZM,fullbackbone,34,11,1
2LZM,fullbackbone,35,8,0
2LZM,fullbackbone,36,7,1
2LZM,fullbackbone,37,8,1
2LZM,fullbackbone,38,12,1
2LZM,fullbackbone,39,7,0
2LZM,fullbackbone,40,10,0
2LZM,fullbackbone,41,19,1
2LZM,fullbackbone,42,16,1
2LZM,fullbackbone,43,13,0
2LZM,fullbackbone,44,13,0
2LZM,fullbackbone,45,22,1
2LZM,fullbackbone,46,12,1
2LZM,fullbackbone,47,9,1
2LZM,fullbackbone,48,9,1
2LZM,fullbackbone,49,10,1
2LZM,fullbackbone,50,5,1
2LZM,fullbackbone,51,6,1
2LZM,fullbackbone,52,9,0
2LZM,fullbackbone,53,12,0
2LZM,fullbackbone,54,8,1
2LZM,fullbackbone,55,14,1
2LZM,fullbackbone,56,13,1
2LZM,fullbackbone,57,16,1
2LZM,fullbackbone,58,9,1
2LZM,fullbackbone,59,9,1
2LZM,fullbackbone,60,7,0
2LZM,fullbackbone,61,11,1
2LZM,fullbackbone,62,16,1
2LZM,fullbackbone,63,11,1
2LZM,fullbackbone,64,10,1
2LZM,fullbackbone,65,15,1
2LZM,fullbackbone,66,15,1
2LZM,fullbackbone,67,10,0
2LZM,fullbackbone,68,7,0
2LZM,fullbackbone,69,12,1
2LZM,fullbackbone,70,14,0
2LZM,fullbackbone,71,9,0
2LZM,fullbackbone,72,10,0
2LZM,fullbackbone,73,17,1
2LZM,fullbackbone,74,16,0
2LZM,fullbackbone,75,8,0
2LZM,fullbackbone,76,15,0
2LZM,fullbackbone,77,19,1
2LZM,fullbackbone,78,12,0
2LZM,fullbackbone,79,8,0
2LZM,fullbackbone,80,9,1
2LZM,fullbackbone,81,7,0
2LZM,fullbackbone,82,15,0
2LZM,fullbackbone,83,16,1
2LZM,fullbackbone,84,11,1
2LZM,fullbackbone,85,11,1
2LZM,fullbackbone,86,16,1
2LZM,fullbackbone,87,18,1
2LZM,fullbackbone,88,9,0
2LZM,fullbackbone,89,10,1
2LZM,fullbackbone,90,14,1
2LZM,fullbackbone,91,7,1
2LZM,fullbackbone,92,9,0
2LZM,fullbackbone,93,13,1
2LZM,fullbackbone,94,19,1
2LZM,fullbackbone,95,15,0
2LZM,fullbackbone,96,20,0
2LZM,fullbackbone,97,19,1
2LZM,fullbackbone,98,19,1
2LZM,fullbackbone,99,19,1
2LZM,fullbackbone,100,19,0
2LZM,fullbackbone,101,15,1
2LZM,fullbackbone,102,18,1
2LZM,fullbackbone,103,17,0
2LZM,fullbackbone,104,14,0
2LZM,fullbackbone,105,9,0
2LZM,fullbackbone,106,11,1
2LZM,fullbackbone,107,16,1
2LZM,fullbackbone,108,9,0
2LZM,fullbackbone,109,8,1
2LZM,fullbackbone,110,16,1
2LZM,fullbackbone,111,14,1
2LZM,fullbackbone,112,7,0
2LZM,fullbackbone,113,10,1
2LZM,fullbackbone,114,7,1
2LZM,fullbackbone,115,8,0
2LZM,fullbackbone,116,17,0
2LZM,fullbackbone,117,18,1
2LZM,fullbackbone,118,11,0
2LZM,fullbackbone,119,14,0
2LZM,fullbackbone,120,17,1
2LZM,fullbackbone,121,12,0
2LZM,fullbackbone,122,9,0
2LZM,fullbackbone,123,12,1
2LZM,fullbackbone,124,10,0
2LZM,fullbackbone,125,15,1
2LZM,fullbackbone,126,11,1
2LZM,fullbackbone,127,9,1
2LZM,fullbackbone,128,17,1
2LZM,fullbackbone,129,17,1
2LZM,fullbackbone,130,8,0
2LZM,fullbackbone,131,11,0
2LZM,fullbackbone,132,17,1
2LZM,fullbackbone,133,12,0
2LZM,fullbackbone,134,6,1
2LZM,fullbackbone,135,7,1
2LZM,fullbackbone,136,6,1
2LZM,fullbackbone,137,12,1
2LZM,fullbackbone,138,12,1
2LZM,fullbackbone,139,7,0
2LZM,fullbackbone,140,8,0
2LZM,fullbackbone,141,7,0
2LZM,fullbackbone,142,10,1
2LZM,fullbackbone,143,8,0
2LZM,fullbackbone,144,13,1
2LZM,fullbackbone,145,16,1
2LZM,fullbackbone,146,12,0
2LZM,fullbackbone,147,15,0
2LZM,fullbackbone,148,21,0
2LZM,fullbackbone,149,23,1
2LZM,fullbackbone,150,17,0
2LZM,fullbackbone,151,19,1
2LZM,fullbackbone,152,23,1
2LZM,fullbackbone,153,15,0
2LZM,fullbackbone,154,11,1
2LZM,fullbackbone,155,14,1
2LZM,fullbackbone,156,11,1
2LZM,fullbackbone,157,16,0
2LZM,fullbackbone,158,8,0
2LZM,fullbackbone,159,12,1
2LZM,fullbackbone,160,12,1
2LZM,fullbackbone,161,4,0
2LZM,fullbackbone,162,3,0
2LZM,fullbackbone,163,7,0
2LZM,ca_only,0,8,1
2LZM,ca_only,1,7,1
2LZM,ca_only,2,11,0
2LZM,ca_only,3,12,0
2LZM,ca_only,4,6,1
2LZM,ca_only,5,15,1
2LZM,ca_only,6,17,1
2LZM,ca_only,7,10,1
2LZM,ca_only,8,10,1
2LZM,ca_only,9,16,0
2LZM,ca_only,10,11,1
2LZM,ca_only,11,7,1
2LZM,ca_only,12,12,1
2LZM,ca_only,13,14,1
2LZM,ca_only,14,13,1
2LZM,ca_only,15,10,0
2LZM,ca_only,16,17,1
2LZM,ca_only,17,15,1
2LZM,ca_only,18,11,1
2LZM,ca_only,19,10,1
2LZM,ca_only,20,6,0
2LZM,ca_only,21,4,0
2LZM,ca_only,22,7,1
2LZM,ca_only,23,15,1
2LZM,ca_only,24,21,1
2LZM,ca_only,25,18,1
2LZM,ca_only,26,21,1
2LZM,ca_only,27,22,1
2LZM,ca_only,28,20,1
2LZM,ca_only,29,20,1
2LZM,ca_only,30,18,1
2LZM,ca_only,31,15,1
2LZM,ca_only,32,17,1
2LZM,ca_only,33,13,1
2LZM,ca_only,34,11,1
2LZM,ca_only,35,8,1
2LZM,ca_only,36,7,0
2LZM,ca_only,37,8,1
2LZM,ca_only,38,12,1
2LZM,ca_only,39,7,0
2LZM,ca_only,40,10,0
2LZM,ca_only,41,19,1
2LZM,ca_only,42,16,1
2LZM,ca_only,43,13,0
2LZM,ca_only,44,13,0
2LZM,ca_only,45,22,1
2LZM,ca_only,46,12,1
2LZM,ca_only,47,9,0
2LZM,ca_only,48,9,1
2LZM,ca_only,49,10,0
2LZM,ca_only,50,5,1
2LZM,ca_only,51,6,1
2LZM,ca_only,52,9,0
2LZM,ca_only,53,12,0
2LZM,ca_only,54,8,1
2LZM,ca_only,55,14,1
2LZM,ca_only,56,13,0
2LZM,ca_only,57,16,1
2LZM,ca_only,58,9,1
2LZM,ca_only,59,9,0
2LZM,ca_only,60,7,0
2LZM,ca_only,61,11,1
2LZM,ca_only,62,16,1
2LZM,ca_only,63,11,1
2LZM,ca_only,64,10,1
2LZM,ca_only,65,15,1
2LZM,ca_only,66,15,1
2LZM,ca_only,67,10,0
2LZM,ca_only,68,7,0
2LZM,ca_only,69,12,1
2LZM,ca_only,70,14,0
2LZM,ca_only,71,9,0
2LZM,ca_only,72,10,0
2LZM,ca_only,73,17,1
2LZM,ca_only,74,16,0
2LZM,ca_only,75,8,0
2LZM,ca_only,76,15,0
2LZM,ca_only,77,19,1
2LZM,ca_only,78,12,1
2LZM,ca_only,79,8,0
2LZM,ca_only,80,9,1
2LZM,ca_only,81,7,0
2LZM,ca_only,82,15,1
2LZM,ca_only,83,16,1
2LZM,ca_only,84,11,1
2LZM,ca_only,85,11,1
2LZM,ca_only,86,16,1
2LZM,ca_only,87,18,1
2LZM,ca_only,88,9,0
2LZM,ca_only,89,10,1
2LZM,ca_only,90,14,1
2LZM,ca_only,91,7,1
2LZM,ca_only,92,9,0
2LZM,ca_only,93,13,1
2LZM,ca_only,94,19,1
2LZM,ca_only,95,15,1
2LZM,ca_only,96,20,0
2LZM,ca_only,97,19,1
2LZM,ca_only,98,19,1
2LZM,ca_only,99,19,0
2LZM,ca_only,100,19,0
2LZM,ca_only,101,15,1
2LZM,ca_only,102,18,1
2LZM,ca_only,103,17,0
2LZM,ca_only,104,14,0
2LZM,ca_only,105,9,1
2LZM,ca_only,106,11,1
2LZM,ca_only,107,16,0
2LZM,ca_only,108,9,0
2LZM,ca_only,109,8,1
2LZM,ca_only,110,16,1
2LZM,ca_only,111,14,1
2LZM,ca_only,112,7,0
2LZM,ca_only,113,10,1
2LZM,ca_only,114,7,0
2LZM,ca_only,115,8,0
2LZM,ca_only,116,17,0
2LZM,ca_only,117,18,1
2LZM,ca_only,118,11,0
2LZM,ca_only,119,14,0
2LZM,ca_only,120,17,1
2LZM,ca_only,121,12,0
2LZM,ca_only,122,9,0
2LZM,ca_only,123,12,1
2LZM,ca_only,124,10,1
2LZM,ca_only,125,15,1
2LZM,ca_only,126,11,1
2LZM,ca_only,127,9,1
2LZM,ca_only,128,17,1
2LZM,ca_only,129,17,1
2LZM,ca_only,130,8,0
2LZM,ca_only,131,11,0
2LZM,ca_only,132,17,1
2LZM,ca_only,133,12,0
2LZM,ca_only,134,6,1
2LZM,ca_only,135,7,1
2LZM,ca_only,136,6,0
2LZM,ca_only,137,12,1
2LZM,ca_only,138,12,1
2LZM,ca_only,139,7,0
2LZM,ca_only,140,8,0
2LZM,ca_only,141,7,0
2LZM,ca_only,142,10,1
2LZM,ca_only,143,8,0
2LZM,ca_only,144,13,1
2LZM,ca_only,145,16,1
2LZM,ca_only,146,12,0
2LZM,ca_only,147,15,0
2LZM,ca_only,148,21,0
2LZM,ca_only,149,23,1
2LZM,ca_only,150,17,1
2LZM,ca_only,151,19,1
2LZM,ca_only,152,23,1
2LZM,ca_only,153,15,1
2LZM,ca_only,154,11,1
2LZM,ca_only,155,14,1
2LZM,ca_only,156,11,1
2LZM,ca_only,157,16,1
2LZM,ca_only,158,8,0
2LZM,ca_only,159,12,0
2LZM,ca_only,160,12,0
2LZM,ca_only,161,4,0
2LZM,ca_only,162,3,0
2LZM,ca_only,163,7,1
1MBN,fullbackbone,0,7,0
1MBN,fullbackbone,1,10,0
1MBN,fullbackbone,2,7,1
1MBN,fullbackbone,3,5,1
1MBN,fullbackbone,4,7,0
1MBN,fullbackbone,5,14,1
1MBN,fullbackbone,6,16,1
1MBN,fullbackbone,7,9,0
1MBN,fullbackbone,8,15,0
1MBN,fullbackbone,9,21,1
1MBN,fullbackbone,10,16,1
1MBN,fullbackbone,11,10,0
1MBN,fullbackbone,12,13,0
1MBN,fullbackbone,13,14,0
1MBN,fullbackbone,14,8,0
1MBN,fullbackbone,15,10,0
1MBN,fullbackbone,16,16,1
1MBN,fullbackbone,17,11,1
1MBN,fullbackbone,18,6,0
1MBN,fullbackbone,19,7,1
1MBN,fullbackbone,20,16,0
1MBN,fullbackbone,21,18,0
1MBN,fullbackbone,22,12,0
1MBN,fullbackbone,23,17,0
1MBN,fullbackbone,24,20,1
1MBN,fullbackbone,25,20,0
1MBN,fullbackbone,26,19,0
1MBN,fullbackbone,27,19,0
1MBN,fullbackbone,28,21,1
1MBN,fullbackbone,29,18,1
1MBN,fullbackbone,30,15,0
1MBN,fullbackbone,31,18,0
1MBN,fullbackbone,32,19,1
1MBN,fullbackbone,33,11,0
1MBN,fullbackbone,34,10,0
1MBN,fullbackbone,35,11,0
1MBN,fullbackbone,36,7,1
1MBN,fullbackbone,37,8,0
1MBN,fullbackbone,38,15,0
1MBN,fullbackbone,39,14,1
1MBN,fullbackbone,40,10,1
1MBN,fullbackbone,41,9,1
1MBN,fullbackbone,42,7,1
1MBN,fullbackbone,43,5,0
1MBN,fullbackbone,44,7,0
1MBN,fullbackbone,45,11,1
1MBN,fullbackbone,46,9,0
1MBN,fullbackbone,47,8,1
1MBN,fullbackbone,48,14,1
1MBN,fullbackbone,49,5,1
1MBN,fullbackbone,50,8,0
1MBN,fullbackbone,51,9,1
1MBN,fullbackbone,52,6,0
1MBN,fullbackbone,53,8,1
1MBN,fullbackbone,54,16,0
1MBN,fullbackbone,55,13,0
1MBN,fullbackbone,56,9,1
1MBN,fullbackbone,57,10,0
1MBN,fullbackbone,58,9,0
1MBN,fullbackbone,59,9,0
1MBN,fullbackbone,60,17,0
1MBN,fullbackbone,61,16,0
1MBN,fullbackbone,62,11,0
1MBN,fullbackbone,63,11,1
1MBN,fullbackbone,64,17,1
1MBN,fullbackbone,65,15,1
1MBN,fullbackbone,66,10,0
1MBN,fullbackbone,67,10,1
1MBN,fullbackbone,68,17,1
1MBN,fullbackbone,69,11,0
1MBN,fullbackbone,70,9,0
1MBN,fullbackbone,71,12,1
1MBN,fullbackbone,72,11,0
1MBN,fullbackbone,73,10,1
1MBN,fullbackbone,74,15,1
1MBN,fullbackbone,75,16,0
1MBN,fullbackbone,76,11,0
1MBN,fullbackbone,77,10,1
1MBN,fullbackbone,78,14,0
1MBN,fullbackbone,79,11,1
1MBN,fullbackbone,80,8,0
1MBN,fullbackbone,81,11,0
1MBN,fullbackbone,82,10,0
1MBN,fullbackbone,83,7,0
1MBN,fullbackbone,84,10,0
1MBN,fullbackbone,85,15,0
1MBN,fullbackbone,86,11,0
1MBN,fullbackbone,87,9,1
1MBN,fullbackbone,88,12,1
1MBN,fullbackbone,89,17,1
1MBN,fullbackbone,90,13,0
1MBN,fullbackbone,91,9,0
1MBN,fullbackbone,92,13,1
1MBN,fullbackbone,93,18,1
1MBN,fullbackbone,94,10,1
1MBN,fullbackbone,95,4,0
1MBN,fullbackbone,96,9,0
1MBN,fullbackbone,97,9,0
1MBN,fullbackbone,98,13,0
1MBN,fullbackbone,99,13,0
1MBN,fullbackbone,100,15,1
1MBN,fullbackbone,101,9,0
1MBN,fullbackbone,102,12,0
1MBN,fullbackbone,103,12,0
1MBN,fullbackbone,104,11,1
1MBN,fullbackbone,105,13,0
1MBN,fullbackbone,106,16,0
1MBN,fullbackbone,107,17,0
1MBN,fullbackbone,108,14,1
1MBN,fullbackbone,109,18,1
1MBN,fullbackbone,110,18,1
1MBN,fullbackbone,111,15,0
1MBN,fullbackbone,112,11,0
1MBN,fullbackbone,113,17,0
1MBN,fullbackbone,114,19,0
1MBN,fullbackbone,115,13,0
1MBN,fullbackbone,116,8,0
1MBN,fullbackbone,117,11,0
1MBN,fullbackbone,118,10,0
1MBN,fullbackbone,119,5,1
1MBN,fullbackbone,120,3,0
1MBN,fullbackbone,121,11,0
1MBN,fullbackbone,122,16,0
1MBN,fullbackbone,123,7,1
1MBN,fullbackbone,124,6,0
1MBN,fullbackbone,125,8,0
1MBN,fullbackbone,126,17,0
1MBN,fullbackbone,127,16,0
1MBN,fullbackbone,128,12,0
1MBN,fullbackbone,129,15,1
1MBN,fullbackbone,130,21,0
1MBN,fullbackbone,131,12,0
1MBN,fullbackbone,132,13,1
1MBN,fullbackbone,133,18,1
1MBN,fullbackbone,134,17,1
1MBN,fullbackbone,135,11,1
1MBN,fullbackbone,136,12,1
1MBN,fullbackbone,137,18,0
1MBN,fullbackbone,138,14,0
1MBN,fullbackbone,139,9,0
1MBN,fullbackbone,140,13,0
1MBN,fullbackbone,141,19,1
1MBN,fullbackbone,142,16,0
1MBN,fullbackbone,143,10,0
1MBN,fullbackbone,144,15,0
1MBN,fullbackbone,145,17,1
1MBN,fullbackbone,146,9,1
1MBN,fullbackbone,147,5,1
1MBN,fullbackbone,148,9,1
1MBN,fullbackbone,149,7,1
1MBN,fullbackbone,150,14,0
1MBN,fullbackbone,151,13,0
1MBN,fullbackbone,152,6,0
1MBN,ca_only,0,7,0
1MBN,ca_only,1,10,1
1MBN,ca_only,2,7,1
1MBN,ca_only,3,5,0
1MBN,ca_only,4,7,0
1MBN,ca_only,5,14,0
1MBN,ca_only,6,16,1
1MBN,ca_only,7,9,0
1MBN,ca_only,8,15,0
1MBN,ca_only,9,21,1
1MBN,ca_only,10,16,1
1MBN,ca_only,11,10,0
1MBN,ca_only,12,13,1
1MBN,ca_only,13,14,0
1MBN,ca_only,14,8,0
1MBN,ca_only,15,10,0
1MBN,ca_only,16,16,1
1MBN,ca_only,17,11,1
1MBN,ca_only,18,6,0
1MBN,ca_only,19,7,1
1MBN,ca_only,20,16,0
1MBN,ca_only,21,18,0
1MBN,ca_only,22,12,1
1MBN,ca_only,23,17,0
1MBN,ca_only,24,20,1
1MBN,ca_only,25,20,0
1MBN,ca_only,26,19,1
1MBN,ca_only,27,19,0
1MBN,ca_only,28,21,1
1MBN,ca_only,29,18,0
1MBN,ca_only,30,15,0
1MBN,ca_only,31,18,1
1MBN,ca_only,32,19,1
1MBN,ca_only,33,11,1
1MBN,ca_only,34,10,0
1MBN,ca_only,35,11,1
1MBN,ca_only,36,7,1
1MBN,ca_only,37,8,1
1MBN,ca_only,38,15,0
1MBN,ca_only,39,14,1
1MBN,ca_only,40,10,0
1MBN,ca_only,41,9,1
1MBN,ca_only,42,7,1
1MBN,ca_only,43,5,0
1MBN,ca_only,44,7,0
1MBN,ca_only,45,11,1
1MBN,ca_only,46,9,1
1MBN,ca_only,47,8,1
1MBN,ca_only,48,14,0
1MBN,ca_only,49,5,1
1MBN,ca_only,50,8,1
1MBN,ca_only,51,9,1
1MBN,ca_only,52,6,0
1MBN,ca_only,53,8,1
1MBN,ca_only,54,16,0
1MBN,ca_only,55,13,0
1MBN,ca_only,56,9,0
1MBN,ca_only,57,10,0
1MBN,ca_only,58,9,1
1MBN,ca_only,59,9,0
1MBN,ca_only,60,17,0
1MBN,ca_only,61,16,1
1MBN,ca_only,62,11,0
1MBN,ca_only,63,11,1
1MBN,ca_only,64,17,1
1MBN,ca_only,65,15,0
1MBN,ca_only,66,10,0
1MBN,ca_only,67,10,1
1MBN,ca_only,68,17,1
1MBN,ca_only,69,11,0
1MBN,ca_only,70,9,0
1MBN,ca_only,71,12,1
1MBN,ca_only,72,11,0
1MBN,ca_only,73,10,1
1MBN,ca_only,74,15,1
1MBN,ca_only,75,16,0
1MBN,ca_only,76,11,0
1MBN,ca_only,77,10,0
1MBN,ca_only,78,14,0
1MBN,ca_only,79,11,1
1MBN,ca_only,80,8,0
1MBN,ca_only,81,11,0
1MBN,ca_only,82,10,0
1MBN,ca_only,83,7,1
1MBN,ca_only,84,10,0
1MBN,ca_only,85,15,1
1MBN,ca_only,86,11,0
1MBN,ca_only,87,9,1
1MBN,ca_only,88,12,1
1MBN,ca_only,89,17,1
1MBN,ca_only,90,13,0
1MBN,ca_only,91,9,0
1MBN,ca_only,92,13,1
1MBN,ca_only,93,18,1
1MBN,ca_only,94,10,0
1MBN,ca_only,95,4,1
1MBN,ca_only,96,9,0
1MBN,ca_only,97,9,0
1MBN,ca_only,98,13,0
1MBN,ca_only,99,13,0
1MBN,ca_only,100,15,1
1MBN,ca_only,101,9,0
1MBN,ca_only,102,12,0
1MBN,ca_only,103,12,1
1MBN,ca_only,104,11,0
1MBN,ca_only,105,13,0
1MBN,ca_only,106,16,0
1MBN,ca_only,107,17,0
1MBN,ca_only,108,14,0
1MBN,ca_only,109,18,1
1MBN,ca_only,110,18,0
1MBN,ca_only,111,15,0
1MBN,ca_only,112,11,0
1MBN,ca_only,113,17,1
1MBN,ca_only,114,19,0
1MBN,ca_only,115,13,0
1MBN,ca_only,116,8,0
1MBN,ca_only,117,11,1
1MBN,ca_only,118,10,0
1MBN,ca_only,119,5,1
1MBN,ca_only,120,3,0
1MBN,ca_only,121,11,0
1MBN,ca_only,122,16,0
1MBN,ca_only,123,7,1
1MBN,ca_only,124,6,0
1MBN,ca_only,125,8,0
1MBN,ca_only,126,17,0
1MBN,ca_only,127,16,0
1MBN,ca_only,128,12,0
1MBN,ca_only,129,15,1
1MBN,ca_only,130,21,0
1MBN,ca_only,131,12,0
1MBN,ca_only,132,13,0
1MBN,ca_only,133,18,0
1MBN,ca_only,134,17,1
1MBN,ca_only,135,11,0
1MBN,ca_only,136,12,1
1MBN,ca_only,137,18,0
1MBN,ca_only,138,14,0
1MBN,ca_only,139,9,0
1MBN,ca_only,140,13,0
1MBN,ca_only,141,19,1
1MBN,ca_only,142,16,0
1MBN,ca_only,143,10,0
1MBN,ca_only,144,15,0
1MBN,ca_only,145,17,0
1MBN,ca_only,146,9,0
1MBN,ca_only,147,5,1
1MBN,ca_only,148,9,0
1MBN,ca_only,149,7,1
1MBN,ca_only,150,14,0
1MBN,ca_only,151,13,0
1MBN,ca_only,152,6,0
3PGK,fullbackbone,0,14,0
3PGK,fullbackbone,1,15,0
3PGK,fullbackbone,2,18,0
3PGK,fullbackbone,3,10,0
3PGK,fullbackbone,4,10,0
3PGK,fullbackbone,5,17,1
3PGK,fullbackbone,6,18,0
3PGK,fullbackbone,7,16,0
3PGK,fullbackbone,8,11,0
3PGK,fullbackbone,9,7,0
3PGK,fullbackbone,10,15,1
3PGK,fullbackbone,11,7,0
3PGK,fullbackbone,12,12,0
3PGK,fullbackbone,13,8,0
3PGK,fullbackbone,14,10,0
3PGK,fullbackbone,15,14,1
3PGK,fullbackbone,16,16,1
3PGK,fullbackbone,17,20,1
3PGK,fullbackbone,18,22,0
3PGK,fullbackbone,19,25,0
3PGK,fullbackbone,20,23,0
3PGK,fullbackbone,21,24,0
3PGK,fullbackbone,22,18,1
3PGK,fullbackbone,23,17,0
3PGK,fullbackbone,24,15,0
3PGK,fullbackbone,25,16,0
3PGK,fullbackbone,26,9,1
3PGK,fullbackbone,27,10,0
3PGK,fullbackbone,28,6,0
3PGK,fullbackbone,29,4,0
3PGK,fullbackbone,30,12,0
3PGK,fullbackbone,31,9,0
3PGK,fullbackbone,32,12,0
3PGK,fullbackbone,33,6,0
3PGK,fullbackbone,34,7,0
3PGK,fullbackbone,35,10,0
3PGK,fullbackbone,36,8,0
3PGK,fullbackbone,37,10,0
3PGK,fullbackbone,38,14,0
3PGK,fullbackbone,39,11,0
3PGK,fullbackbone,40,13,0
3PGK,fullbackbone,41,19,0
3PGK,fullbackbone,42,13,1
3PGK,fullbackbone,43,10,0
3PGK,fullbackbone,44,15,1
3PGK,fullbackbone,45,19,0
3PGK,fullbackbone,46,9,0
3PGK,fullbackbone,47,8,0
3PGK,fullbackbone,48,22,0
3PGK,fullbackbone,49,19,0
3PGK,fullbackbone,50,13,1
3PGK,fullbackbone,51,11,0
3PGK,fullbackbone,52,13,0
3PGK,fullbackbone,53,15,1
3PGK,fullbackbone,54,19,0
3PGK,fullbackbone,55,21,0
3PGK,fullbackbone,56,22,1
3PGK,fullbackbone,57,24,1
3PGK,fullbackbone,58,22,0
3PGK,fullbackbone,59,19,0
3PGK,fullbackbone,60,22,0
3PGK,fullbackbone,61,18,0
3PGK,fullbackbone,62,13,0
3PGK,fullbackbone,63,11,1
3PGK,fullbackbone,64,6,0
3PGK,fullbackbone,65,12,1
3PGK,fullbackbone,66,8,0
3PGK,fullbackbone,67,6,0
3PGK,fullbackbone,68,4,0
3PGK,fullbackbone,69,6,0
3PGK,fullbackbone,70,10,0
3PGK,fullbackbone,71,6,0
3PGK,fullbackbone,72,5,0
3PGK,fullbackbone,73,9,0
3PGK,fullbackbone,74,15,0
3PGK,fullbackbone,75,19,0
3PGK,fullbackbone,76,9,0
3PGK,fullbackbone,77,11,1
3PGK,fullbackbone,78,18,0
3PGK,fullbackbone,79,14,0
3PGK,fullbackbone,80,14,0
3PGK,fullbackbone,81,15,0
3PGK,fullbackbone,82,18,1
3PGK,fullbackbone,83,11,0
3PGK,fullbackbone,84,8,0
3PGK,fullbackbone,85,10,0
3PGK,fullbackbone,86,12,1
3PGK,fullbackbone,87,6,1
3PGK,fullbackbone,88,9,0
3PGK,fullbackbone,89,11,0
3PGK,fullbackbone,90,17,1
3PGK,fullbackbone,91,15,0
3PGK,fullbackbone,92,17,0
3PGK,fullbackbone,93,14,0
3PGK,fullbackbone,94,17,0
3PGK,fullbackbone,95,21,0
3PGK,fullbackbone,96,20,0
3PGK,fullbackbone,97,14,0
3PGK,fullbackbone,98,8,0
3PGK,fullbackbone,99,5,0
3PGK,fullbackbone,100,6,1
3PGK,fullbackbone,101,15,0
3PGK,fullbackbone,102,13,1
3PGK,fullbackbone,103,8,0
3PGK,fullbackbone,104,13,0
3PGK,fullbackbone,105,18,0
3PGK,fullbackbone,106,8,0
3PGK,fullbackbone,107,4,1
3PGK,fullbackbone,108,8,0
3PGK,fullbackbone,109,10,0
3PGK,fullbackbone,110,17,0
3PGK,fullbackbone,111,16,0
3PGK,fullbackbone,112,26,0
3PGK,fullbackbone,113,22,0
3PGK,fullbackbone,114,23,0
3PGK,fullbackbone,115,19,0
3PGK,fullbackbone,116,22,0
3PGK,fullbackbone,117,22,0
3PGK,fullbackbone,118,17,0
3PGK,fullbackbone,119,20,0
3PGK,fullbackbone,120,13,0
3PGK,fullbackbone,121,13,0
3PGK,fullbackbone,122,16,0
3PGK,fullbackbone,123,18,0
3PGK,fullbackbone,124,11,0
3PGK,fullbackbone,125,12,0
3PGK,fullbackbone,126,10,0
3PGK,fullbackbone,127,11,0
3PGK,fullbackbone,128,9,0
3PGK,fullbackbone,129,7,0
3PGK,fullbackbone,130,6,0
3PGK,fullbackbone,131,4,0
3PGK,fullbackbone,132,4,0
3PGK,fullbackbone,133,8,1
3PGK,fullbackbone,134,9,0
3PGK,fullbackbone,135,9,0
3PGK,fullbackbone,136,9,0
3PGK,fullbackbone,137,8,0
3PGK,fullbackbone,138,5,0
3PGK,fullbackbone,139,7,0
3PGK,fullbackbone,140,5,0
3PGK,fullbackbone,141,4,1
3PGK,fullbackbone,142,6,0
3PGK,fullbackbone,143,14,0
3PGK,fullbackbone,144,9,0
3PGK,fullbackbone,145,9,0
3PGK,fullbackbone,146,17,0
3PGK,fullbackbone,147,16,0
3PGK,fullbackbone,148,12,0
3PGK,fullbackbone,149,15,0
3PGK,fullbackbone,150,19,1
3PGK,fullbackbone,151,15,0
3PGK,fullbackbone,152,13,0
3PGK,fullbackbone,153,18,0
3PGK,fullbackbone,154,18,1
3PGK,fullbackbone,155,16,1
3PGK,fullbackbone,156,18,1
3PGK,fullbackbone,157,23,0
3PGK,fullbackbone,158,22,0
3PGK,fullbackbone,159,22,0
3PGK,fullbackbone,160,18,1
3PGK,fullbackbone,161,20,0
3PGK,fullbackbone,162,19,0
3PGK,fullbackbone,163,20,1
3PGK,fullbackbone,164,19,0
3PGK,fullbackbone,165,18,0
3PGK,fullbackbone,166,14,0
3PGK,fullbackbone,167,10,0
3PGK,fullbackbone,168,15,0
3PGK,fullbackbone,169,14,0
3PGK,fullbackbone,170,24,0
3PGK,fullbackbone,171,25,0
3PGK,fullbackbone,172,22,0
3PGK,fullbackbone,173,13,1
3PGK,fullbackbone,174,16,1
3PGK,fullbackbone,175,19,0
3PGK,fullbackbone,176,13,0
3PGK,fullbackbone,177,10,0
3PGK,fullbackbone,178,10,1
3PGK,fullbackbone,179,17,0
3PGK,fullbackbone,180,19,1
3PGK,fullbackbone,181,24,0
3PGK,fullbackbone,182,25,1
3PGK,fullbackbone,183,19,1
3PGK,fullbackbone,184,16,0
3PGK,fullbackbone,185,16,0
3PGK,fullbackbone,186,19,1
3PGK,fullbackbone,187,18,0
3PGK,fullbackbone,188,12,0
3PGK,fullbackbone,189,17,0
3PGK,fullbackbone,190,18,0
3PGK,fullbackbone,191,13,0
3PGK,fullbackbone,192,14,0
3PGK,fullbackbone,193,20,0
3PGK,fullbackbone,194,15,1
3PGK,fullbackbone,195,10,0
3PGK,fullbackbone,196,19,0
3PGK,fullbackbone,197,15,0
3PGK,fullbackbone,198,9,0
3PGK,fullbackbone,199,8,0
3PGK,fullbackbone,200,9,0
3PGK,fullbackbone,201,8,0
3PGK,fullbackbone,202,12,0
3PGK,fullbackbone,203,14,0
3PGK,fullbackbone,204,20,0
3PGK,fullbackbone,205,23,0
3PGK,fullbackbone,206,22,0
3PGK,fullbackbone,207,21,0
3PGK,fullbackbone,208,21,0
3PGK,fullbackbone,209,21,1
3PGK,fullbackbone,210,16,1
3PGK,fullbackbone,211,19,0
3PGK,fullbackbone,212,13,0
3PGK,fullbackbone,213,9,0
3PGK,fullbackbone,214,6,1
3PGK,fullbackbone,215,9,0
3PGK,fullbackbone,216,8,0
3PGK,fullbackbone,217,13,0
3PGK,fullbackbone,218,10,0
3PGK,fullbackbone,219,14,1
3PGK,fullbackbone,220,16,0
3PGK,fullbackbone,221,14,0
3PGK,fullbackbone,222,14,0
3PGK,fullbackbone,223,14,1
3PGK,fullbackbone,224,16,0
3PGK,fullbackbone,225,13,0
3PGK,fullbackbone,226,16,0
3PGK,fullbackbone,227,17,0
3PGK,fullbackbone,228,18,0
3PGK,fullbackbone,229,17,0
3PGK,fullbackbone,230,21,0
3PGK,fullbackbone,231,23,1
3PGK,fullbackbone,232,22,0
3PGK,fullbackbone,233,15,0
3PGK,fullbackbone,234,22,0
3PGK,fullbackbone,235,18,0
3PGK,fullbackbone,236,23,0
3PGK,fullbackbone,237,24,0
3PGK,fullbackbone,238,18,0
3PGK,fullbackbone,239,16,0
3PGK,fullbackbone,240,16,0
3PGK,fullbackbone,241,14,0
3PGK,fullbackbone,242,10,0
3PGK,fullbackbone,243,7,0
3PGK,fullbackbone,244,11,0
3PGK,fullbackbone,245,12,1
3PGK,fullbackbone,246,18,0
3PGK,fullbackbone,247,22,0
3PGK,fullbackbone,248,12,0
3PGK,fullbackbone,249,11,0
3PGK,fullbackbone,250,20,0
3PGK,fullbackbone,251,17,0
3PGK,fullbackbone,252,14,0
3PGK,fullbackbone,253,12,0
3PGK,fullbackbone,254,16,0
3PGK,fullbackbone,255,15,1
3PGK,fullbackbone,256,7,0
3PGK,fullbackbone,257,5,0
3PGK,fullbackbone,258,16,0
3PGK,fullbackbone,259,13,0
3PGK,fullbackbone,260,9,0
3PGK,fullbackbone,261,11,1
3PGK,fullbackbone,262,17,0
3PGK,fullbackbone,263,13,0
3PGK,fullbackbone,264,9,1
3PGK,fullbackbone,265,15,1
3PGK,fullbackbone,266,18,0
3PGK,fullbackbone,267,11,1
3PGK,fullbackbone,268,11,0
3PGK,fullbackbone,269,18,0
3PGK,fullbackbone,270,9,1
3PGK,fullbackbone,271,7,0
3PGK,fullbackbone,272,11,1
3PGK,fullbackbone,273,14,1
3PGK,fullbackbone,274,11,0
3PGK,fullbackbone,275,14,0
3PGK,fullbackbone,276,16,1
3PGK,fullbackbone,277,14,1
3PGK,fullbackbone,278,18,0
3PGK,fullbackbone,279,20,0
3PGK,fullbackbone,280,13,0
3PGK,fullbackbone,281,15,0
3PGK,fullbackbone,282,18,0
3PGK,fullbackbone,283,18,1
3PGK,fullbackbone,284,20,0
3PGK,fullbackbone,285,16,0
3PGK,fullbackbone,286,10,0
3PGK,fullbackbone,287,10,0
3PGK,fullbackbone,288,14,0
3PGK,fullbackbone,289,9,0
3PGK,fullbackbone,290,13,1
3PGK,fullbackbone,291,10,0
3PGK,fullbackbone,292,7,0
3PGK,fullbackbone,293,12,0
3PGK,fullbackbone,294,7,0
3PGK,fullbackbone,295,11,0
3PGK,fullbackbone,296,11,0
3PGK,fullbackbone,297,11,0
3PGK,fullbackbone,298,14,0
3PGK,fullbackbone,299,11,0
3PGK,fullbackbone,300,12,0
3PGK,fullbackbone,301,14,0
3PGK,fullbackbone,302,11,1
3PGK,fullbackbone,303,7,0
3PGK,fullbackbone,304,11,1
3PGK,fullbackbone,305,12,0
3PGK,fullbackbone,306,12,1
3PGK,fullbackbone,307,16,0
3PGK,fullbackbone,308,24,0
3PGK,fullbackbone,309,24,0
3PGK,fullbackbone,310,23,0
3PGK,fullbackbone,311,27,0
3PGK,fullbackbone,312,27,0
3PGK,fullbackbone,313,22,1
3PGK,fullbackbone,314,17,0
3PGK,fullbackbone,315,17,0
3PGK,fullbackbone,316,21,0
3PGK,fullbackbone,317,19,0
3PGK,fullbackbone,318,14,0
3PGK,fullbackbone,319,14,0
3PGK,fullbackbone,320,25,0
3PGK,fullbackbone,321,15,0
3PGK,fullbackbone,322,10,0
3PGK,fullbackbone,323,15,0
3PGK,fullbackbone,324,22,1
3PGK,fullbackbone,325,14,0
3PGK,fullbackbone,326,14,1
3PGK,fullbackbone,327,15,0
3PGK,fullbackbone,328,20,0
3PGK,fullbackbone,329,22,0
3PGK,fullbackbone,330,26,1
3PGK,fullbackbone,331,22,0
3PGK,fullbackbone,332,21,0
3PGK,fullbackbone,333,20,0
3PGK,fullbackbone,334,20,1
3PGK,fullbackbone,335,22,0
3PGK,fullbackbone,336,29,0
3PGK,fullbackbone,337,19,0
3PGK,fullbackbone,338,19,0
3PGK,fullbackbone,339,21,0
3PGK,fullbackbone,340,12,0
3PGK,fullbackbone,341,10,0
3PGK,fullbackbone,342,8,0
3PGK,fullbackbone,343,13,0
3PGK,fullbackbone,344,21,0
3PGK,fullbackbone,345,17,0
3PGK,fullbackbone,346,15,0
3PGK,fullbackbone,347,18,0
3PGK,fullbackbone,348,22,0
3PGK,fullbackbone,349,14,0
3PGK,fullbackbone,350,13,0
3PGK,fullbackbone,351,20,0
3PGK,fullbackbone,352,21,1
3PGK,fullbackbone,353,15,0
3PGK,fullbackbone,354,14,0
3PGK,fullbackbone,355,26,0
3PGK,fullbackbone,356,22,0
3PGK,fullbackbone,357,14,0
3PGK,fullbackbone,358,17,0
3PGK,fullbackbone,359,17,0
3PGK,fullbackbone,360,10,0
3PGK,fullbackbone,361,10,0
3PGK,fullbackbone,362,15,1
3PGK,fullbackbone,363,20,0
3PGK,fullbackbone,364,18,0
3PGK,fullbackbone,365,22,0
3PGK,fullbackbone,366,19,1
3PGK,fullbackbone,367,24,0
3PGK,fullbackbone,368,21,1
3PGK,fullbackbone,369,18,1
3PGK,fullbackbone,370,13,1
3PGK,fullbackbone,371,14,0
3PGK,fullbackbone,372,19,0
3PGK,fullbackbone,373,19,0
3PGK,fullbackbone,374,13,0
3PGK,fullbackbone,375,18,0
3PGK,fullbackbone,376,18,0
3PGK,fullbackbone,377,7,0
3PGK,fullbackbone,378,8,0
3PGK,fullbackbone,379,11,0
3PGK,fullbackbone,380,11,1
3PGK,fullbackbone,381,13,0
3PGK,fullbackbone,382,7,0
3PGK,fullbackbone,383,7,0
3PGK,fullbackbone,384,18,0
3PGK,fullbackbone,385,15,0
3PGK,fullbackbone,386,20,0
3PGK,fullbackbone,387,16,0
3PGK,fullbackbone,388,16,1
3PGK,fullbackbone,389,23,0
3PGK,fullbackbone,390,13,0
3PGK,fullbackbone,391,14,1
3PGK,fullbackbone,392,16,1
3PGK,fullbackbone,393,15,0
3PGK,fullbackbone,394,15,0
3PGK,fullbackbone,395,18,0
3PGK,fullbackbone,396,19,0
3PGK,fullbackbone,397,17,0
3PGK,fullbackbone,398,19,0
3PGK,fullbackbone,399,18,1
3PGK,fullbackbone,400,17,0
3PGK,fullbackbone,401,14,1
3PGK,fullbackbone,402,10,0
3PGK,fullbackbone,403,11,0
3PGK,fullbackbone,404,20,0
3PGK,fullbackbone,405,14,0
3PGK,fullbackbone,406,16,1
3PGK,fullbackbone,407,21,0
3PGK,fullbackbone,408,11,1
3PGK,fullbackbone,409,15,0
3PGK,fullbackbone,410,19,1
3PGK,fullbackbone,411,13,0
3PGK,fullbackbone,412,13,0
3PGK,fullbackbone,413,15,0
3PGK,fullbackbone,414,10,0
3PGK,ca_only,0,14,0
3PGK,ca_only,1,15,0
3PGK,ca_only,2,18,0
3PGK,ca_only,3,10,0
3PGK,ca_only,4,10,0
3PGK,ca_only,5,17,1
3PGK,ca_only,6,18,1
3PGK,ca_only,7,16,0
3PGK,ca_only,8,11,0
3PGK,ca_only,9,7,0
3PGK,ca_only,10,15,0
3PGK,ca_only,11,7,1
3PGK,ca_only,12,12,0
3PGK,ca_only,13,8,1
3PGK,ca_only,14,10,0
3PGK,ca_only,15,14,1
3PGK,ca_only,16,16,1
3PGK,ca_only,17,20,1
3PGK,ca_only,18,22,0
3PGK,ca_only,19,25,1
3PGK,ca_only,20,23,0
3PGK,ca_only,21,24,0
3PGK,ca_only,22,18,0
3PGK,ca_only,23,17,0
3PGK,ca_only,24,15,0
3PGK,ca_only,25,16,0
3PGK,ca_only,26,9,0
3PGK,ca_only,27,10,1
3PGK,ca_only,28,6,0
3PGK,ca_only,29,4,1
3PGK,ca_only,30,12,0
3PGK,ca_only,31,9,1
3PGK,ca_only,32,12,0
3PGK,ca_only,33,6,0
3PGK,ca_only,34,7,0
3PGK,ca_only,35,10,0
3PGK,ca_only,36,8,0
3PGK,ca_only,37,10,1
3PGK,ca_only,38,14,1
3PGK,ca_only,39,11,0
3PGK,ca_only,40,13,0
3PGK,ca_only,41,19,0
3PGK,ca_only,42,13,1
3PGK,ca_only,43,10,1
3PGK,ca_only,44,15,1
3PGK,ca_only,45,19,0
3PGK,ca_only,46,9,0
3PGK,ca_only,47,8,0
3PGK,ca_only,48,22,0
3PGK,ca_only,49,19,0
3PGK,ca_only,50,13,1
3PGK,ca_only,51,11,0
3PGK,ca_only,52,13,0
3PGK,ca_only,53,15,0
3PGK,ca_only,54,19,0
3PGK,ca_only,55,21,0
3PGK,ca_only,56,22,1
3PGK,ca_only,57,24,1
3PGK,ca_only,58,22,0
3PGK,ca_only,59,19,0
3PGK,ca_only,60,22,0
3PGK,ca_only,61,18,1
3PGK,ca_only,62,13,0
3PGK,ca_only,63,11,0
3PGK,ca_only,64,6,0
3PGK,ca_only,65,12,1
3PGK,ca_only,66,8,0
3PGK,ca_only,67,6,1
3PGK,ca_only,68,4,1
3PGK,ca_only,69,6,0
3PGK,ca_only,70,10,0
3PGK,ca_only,71,6,0
3PGK,ca_only,72,5,0
3PGK,ca_only,73,9,0
3PGK,ca_only,74,15,0
3PGK,ca_only,75,19,0
3PGK,ca_only,76,9,0
3PGK,ca_only,77,11,0
3PGK,ca_only,78,18,0
3PGK,ca_only,79,14,0
3PGK,ca_only,80,14,1
3PGK,ca_only,81,15,0
3PGK,ca_only,82,18,0
3PGK,ca_only,83,11,0
3PGK,ca_only,84,8,0
3PGK,ca_only,85,10,1
3PGK,ca_only,86,12,1
3PGK,ca_only,87,6,1
3PGK,ca_only,88,9,0
3PGK,ca_only,89,11,0
3PGK,ca_only,90,17,1
3PGK,ca_only,91,15,0
3PGK,ca_only,92,17,0
3PGK,ca_only,93,14,0
3PGK,ca_only,94,17,0
3PGK,ca_only,95,21,0
3PGK,ca_only,96,20,0
3PGK,ca_only,97,14,0
3PGK,ca_only,98,8,0
3PGK,ca_only,99,5,0
3PGK,ca_only,100,6,1
3PGK,ca_only,101,15,0
3PGK,ca_only,102,13,1
3PGK,ca_only,103,8,0
3PGK,ca_only,104,13,0
3PGK,ca_only,105,18,0
3PGK,ca_only,106,8,0
3PGK,ca_only,107,4,0
3PGK,ca_only,108,8,0
3PGK,ca_only,109,10,0
3PGK,ca_only,110,17,0
3PGK,ca_only,111,16,0
3PGK,ca_only,112,26,0
3PGK,ca_only,113,22,1
3PGK,ca_only,114,23,0
3PGK,ca_only,115,19,0
3PGK,ca_only,116,22,0
3PGK,ca_only,117,22,0
3PGK,ca_only,118,17,1
3PGK,ca_only,119,20,0
3PGK,ca_only,120,13,0
3PGK,ca_only,121,13,0
3PGK,ca_only,122,16,0
3PGK,ca_only,123,18,0
3PGK,ca_only,124,11,0
3PGK,ca_only,125,12,0
3PGK,ca_only,126,10,0
3PGK,ca_only,127,11,0
3PGK,ca_only,128,9,0
3PGK,ca_only,129,7,0
3PGK,ca_only,130,6,0
3PGK,ca_only,131,4,0
3PGK,ca_only,132,4,0
3PGK,ca_only,133,8,0
3PGK,ca_only,134,9,0
3PGK,ca_only,135,9,0
3PGK,ca_only,136,9,0
3PGK,ca_only,137,8,0
3PGK,ca_only,138,5,0
3PGK,ca_only,139,7,0
3PGK,ca_only,140,5,0
3PGK,ca_only,141,4,1
3PGK,ca_only,142,6,0
3PGK,ca_only,143,14,0
3PGK,ca_only,144,9,0
3PGK,ca_only,145,9,0
3PGK,ca_only,146,17,0
3PGK,ca_only,147,16,0
3PGK,ca_only,148,12,0
3PGK,ca_only,149,15,0
3PGK,ca_only,150,19,1
3PGK,ca_only,151,15,1
3PGK,ca_only,152,13,1
3PGK,ca_only,153,18,0
3PGK,ca_only,154,18,0
3PGK,ca_only,155,16,1
3PGK,ca_only,156,18,1
3PGK,ca_only,157,23,0
3PGK,ca_only,158,22,0
3PGK,ca_only,159,22,0
3PGK,ca_only,160,18,1
3PGK,ca_only,161,20,0
3PGK,ca_only,162,19,0
3PGK,ca_only,163,20,0
3PGK,ca_only,164,19,0
3PGK,ca_only,165,18,0
3PGK,ca_only,166,14,0
3PGK,ca_only,167,10,0
3PGK,ca_only,168,15,0
3PGK,ca_only,169,14,0
3PGK,ca_only,170,24,0
3PGK,ca_only,171,25,0
3PGK,ca_only,172,22,0
3PGK,ca_only,173,13,0
3PGK,ca_only,174,16,1
3PGK,ca_only,175,19,0
3PGK,ca_only,176,13,0
3PGK,ca_only,177,10,0
3PGK,ca_only,178,10,0
3PGK,ca_only,179,17,0
3PGK,ca_only,180,19,1
3PGK,ca_only,181,24,1
3PGK,ca_only,182,25,0
3PGK,ca_only,183,19,1
3PGK,ca_only,184,16,0
3PGK,ca_only,185,16,0
3PGK,ca_only,186,19,0
3PGK,ca_only,187,18,0
3PGK,ca_only,188,12,0
3PGK,ca_only,189,17,0
3PGK,ca_only,190,18,1
3PGK,ca_only,191,13,0
3PGK,ca_only,192,14,0
3PGK,ca_only,193,20,0
3PGK,ca_only,194,15,1
3PGK,ca_only,195,10,0
3PGK,ca_only,196,19,0
3PGK,ca_only,197,15,0
3PGK,ca_only,198,9,1
3PGK,ca_only,199,8,0
3PGK,ca_only,200,9,0
3PGK,ca_only,201,8,0
3PGK,ca_only,202,12,1
3PGK,ca_only,203,14,0
3PGK,ca_only,204,20,0
3PGK,ca_only,205,23,0
3PGK,ca_only,206,22,0
3PGK,ca_only,207,21,1
3PGK,ca_only,208,21,1
3PGK,ca_only,209,21,1
3PGK,ca_only,210,16,1
3PGK,ca_only,211,19,0
3PGK,ca_only,212,13,0
3PGK,ca_only,213,9,0
3PGK,ca_only,214,6,0
3PGK,ca_only,215,9,0
3PGK,ca_only,216,8,0
3PGK,ca_only,217,13,0
3PGK,ca_only,218,10,0
3PGK,ca_only,219,14,0
3PGK,ca_only,220,16,0
3PGK,ca_only,221,14,0
3PGK,ca_only,222,14,0
3PGK,ca_only,223,14,1
3PGK,ca_only,224,16,0
3PGK,ca_only,225,13,1
3PGK,ca_only,226,16,0
3PGK,ca_only,227,17,0
3PGK,ca_only,228,18,0
3PGK,ca_only,229,17,0
3PGK,ca_only,230,21,0
3PGK,ca_only,231,23,0
3PGK,ca_only,232,22,0
3PGK,ca_only,233,15,0
3PGK,ca_only,234,22,0
3PGK,ca_only,235,18,0
3PGK,ca_only,236,23,0
3PGK,ca_only,237,24,0
3PGK,ca_only,238,18,0
3PGK,ca_only,239,16,0
3PGK,ca_only,240,16,0
3PGK,ca_only,241,14,0
3PGK,ca_only,242,10,0
3PGK,ca_only,243,7,0
3PGK,ca_only,244,11,0
3PGK,ca_only,245,12,0
3PGK,ca_only,246,18,0
3PGK,ca_only,247,22,0
3PGK,ca_only,248,12,1
3PGK,ca_only,249,11,0
3PGK,ca_only,250,20,0
3PGK,ca_only,251,17,0
3PGK,ca_only,252,14,0
3PGK,ca_only,253,12,0
3PGK,ca_only,254,16,0
3PGK,ca_only,255,15,1
3PGK,ca_only,256,7,0
3PGK,ca_only,257,5,0
3PGK,ca_only,258,16,0
3PGK,ca_only,259,13,0
3PGK,ca_only,260,9,0
3PGK,ca_only,261,11,0
3PGK,ca_only,262,17,0
3PGK,ca_only,263,13,0
3PGK,ca_only,264,9,0
3PGK,ca_only,265,15,1
3PGK,ca_only,266,18,0
3PGK,ca_only,267,11,1
3PGK,ca_only,268,11,0
3PGK,ca_only,269,18,0
3PGK,ca_only,270,9,0
3PGK,ca_only,271,7,0
3PGK,ca_only,272,11,0
3PGK,ca_only,273,14,1
3PGK,ca_only,274,11,0
3PGK,ca_only,275,14,1
3PGK,ca_only,276,16,1
3PGK,ca_only,277,14,1
3PGK,ca_only,278,18,0
3PGK,ca_only,279,20,0
3PGK,ca_only,280,13,0
3PGK,ca_only,281,15,0
3PGK,ca_only,282,18,0
3PGK,ca_only,283,18,0
3PGK,ca_only,284,20,0
3PGK,ca_only,285,16,1
3PGK,ca_only,286,10,0
3PGK,ca_only,287,10,0
3PGK,ca_only,288,14,0
3PGK,ca_only,289,9,0
3PGK,ca_only,290,13,0
3PGK,ca_only,291,10,0
3PGK,ca_only,292,7,1
3PGK,ca_only,293,12,0
3PGK,ca_only,294,7,0
3PGK,ca_only,295,11,0
3PGK,ca_only,296,11,0
3PGK,ca_only,297,11,0
3PGK,ca_only,298,14,0
3PGK,ca_only,299,11,0
3PGK,ca_only,300,12,0
3PGK,ca_only,301,14,0
3PGK,ca_only,302,11,0
3PGK,ca_only,303,7,0
3PGK,ca_only,304,11,0
3PGK,ca_only,305,12,0
3PGK,ca_only,306,12,0
3PGK,ca_only,307,16,0
3PGK,ca_only,308,24,0
3PGK,ca_only,309,24,0
3PGK,ca_only,310,23,0
3PGK,ca_only,311,27,0
3PGK,ca_only,312,27,0
3PGK,ca_only,313,22,1
3PGK,ca_only,314,17,0
3PGK,ca_only,315,17,0
3PGK,ca_only,316,21,0
3PGK,ca_only,317,19,0
3PGK,ca_only,318,14,0
3PGK,ca_only,319,14,0
3PGK,ca_only,320,25,0
3PGK,ca_only,321,15,0
3PGK,ca_only,322,10,0
3PGK,ca_only,323,15,0
3PGK,ca_only,324,22,0
3PGK,ca_only,325,14,0
3PGK,ca_only,326,14,1
3PGK,ca_only,327,15,0
3PGK,ca_only,328,20,0
3PGK,ca_only,329,22,1
3PGK,ca_only,330,26,0
3PGK,ca_only,331,22,0
3PGK,ca_only,332,21,0
3PGK,ca_only,333,20,0
3PGK,ca_only,334,20,1
3PGK,ca_only,335,22,0
3PGK,ca_only,336,29,0
3PGK,ca_only,337,19,0
3PGK,ca_only,338,19,0
3PGK,ca_only,339,21,1
3PGK,ca_only,340,12,0
3PGK,ca_only,341,10,0
3PGK,ca_only,342,8,1
3PGK,ca_only,343,13,0
3PGK,ca_only,344,21,0
3PGK,ca_only,345,17,0
3PGK,ca_only,346,15,0
3PGK,ca_only,347,18,0
3PGK,ca_only,348,22,0
3PGK,ca_only,349,14,0
3PGK,ca_only,350,13,0
3PGK,ca_only,351,20,0
3PGK,ca_only,352,21,0
3PGK,ca_only,353,15,0
3PGK,ca_only,354,14,0
3PGK,ca_only,355,26,0
3PGK,ca_only,356,22,0
3PGK,ca_only,357,14,0
3PGK,ca_only,358,17,0
3PGK,ca_only,359,17,1
3PGK,ca_only,360,10,0
3PGK,ca_only,361,10,0
3PGK,ca_only,362,15,0
3PGK,ca_only,363,20,0
3PGK,ca_only,364,18,0
3PGK,ca_only,365,22,0
3PGK,ca_only,366,19,1
3PGK,ca_only,367,24,0
3PGK,ca_only,368,21,1
3PGK,ca_only,369,18,1
3PGK,ca_only,370,13,0
3PGK,ca_only,371,14,0
3PGK,ca_only,372,19,0
3PGK,ca_only,373,19,0
3PGK,ca_only,374,13,0
3PGK,ca_only,375,18,0
3PGK,ca_only,376,18,0
3PGK,ca_only,377,7,1
3PGK,ca_only,378,8,1
3PGK,ca_only,379,11,0
3PGK,ca_only,380,11,1
3PGK,ca_only,381,13,0
3PGK,ca_only,382,7,0
3PGK,ca_only,383,7,0
3PGK,ca_only,384,18,0
3PGK,ca_only,385,15,0
3PGK,ca_only,386,20,0
3PGK,ca_only,387,16,0
3PGK,ca_only,388,16,0
3PGK,ca_only,389,23,0
3PGK,ca_only,390,13,0
3PGK,ca_only,391,14,1
3PGK,ca_only,392,16,1
3PGK,ca_only,393,15,0
3PGK,ca_only,394,15,1
3PGK,ca_only,395,18,0
3PGK,ca_only,396,19,1
3PGK,ca_only,397,17,0
3PGK,ca_only,398,19,0
3PGK,ca_only,399,18,1
3PGK,ca_only,400,17,0
3PGK,ca_only,401,14,1
3PGK,ca_only,402,10,0
3PGK,ca_only,403,11,1
3PGK,ca_only,404,20,0
3PGK,ca_only,405,14,0
3PGK,ca_only,406,16,1
3PGK,ca_only,407,21,0
3PGK,ca_only,408,11,0
3PGK,ca_only,409,15,0
3PGK,ca_only,410,19,0
3PGK,ca_only,411,13,0
3PGK,ca_only,412,13,0
3PGK,ca_only,413,15,0
3PGK,ca_only,414,10,0
2PCY,fullbackbone,0,10,0
2PCY,fullbackbone,1,10,0
2PCY,fullbackbone,2,18,1
2PCY,fullbackbone,3,15,0
2PCY,fullbackbone,4,28,0
2PCY,fullbackbone,5,17,1
2PCY,fullbackbone,6,13,0
2PCY,fullbackbone,7,9,0
2PCY,fullbackbone,8,5,1
2PCY,fullbackbone,9,8,1
2PCY,fullbackbone,10,10,1
2PCY,fullbackbone,11,18,0
2PCY,fullbackbone,12,20,0
2PCY,fullbackbone,13,20,1
2PCY,fullbackbone,14,16,1
2PCY,fullbackbone,15,11,1
2PCY,fullbackbone,16,13,1
2PCY,fullbackbone,17,10,0
2PCY,fullbackbone,18,9,1
2PCY,fullbackbone,19,10,0
2PCY,fullbackbone,20,13,1
2PCY,fullbackbone,21,10,0
2PCY,fullbackbone,22,10,1
2PCY,fullbackbone,23,8,1
2PCY,fullbackbone,24,10,1
2PCY,fullbackbone,25,11,1
2PCY,fullbackbone,26,13,1
2PCY,fullbackbone,27,12,0
2PCY,fullbackbone,28,18,1
2PCY,fullbackbone,29,19,0
2PCY,fullbackbone,30,20,1
2PCY,fullbackbone,31,20,0
2PCY,fullbackbone,32,16,1
2PCY,fullbackbone,33,15,1
2PCY,fullbackbone,34,17,0
2PCY,fullbackbone,35,15,1
2PCY,fullbackbone,36,22,1
2PCY,fullbackbone,37,22,1
2PCY,fullbackbone,38,22,0
2PCY,fullbackbone,39,17,1
2PCY,fullbackbone,40,21,1
2PCY,fullbackbone,41,9,1
2PCY,fullbackbone,42,12,0
2PCY,fullbackbone,43,6,1
2PCY,fullbackbone,44,10,0
2PCY,fullbackbone,45,17,0
2PCY,fullbackbone,46,12,1
2PCY,fullbackbone,47,7,0
2PCY,fullbackbone,48,3,1
2PCY,fullbackbone,49,9,1
2PCY,fullbackbone,50,8,1
2PCY,fullbackbone,51,14,1
2PCY,fullbackbone,52,7,1
2PCY,fullbackbone,53,7,1
2PCY,fullbackbone,54,12,0
2PCY,fullbackbone,55,16,1
2PCY,fullbackbone,56,14,1
2PCY,fullbackbone,57,10,0
2PCY,fullbackbone,58,10,1
2PCY,fullbackbone,59,5,0
2PCY,fullbackbone,60,10,0
2PCY,fullbackbone,61,13,0
2PCY,fullbackbone,62,14,1
2PCY,fullbackbone,63,9,1
2PCY,fullbackbone,64,11,0
2PCY,fullbackbone,65,10,0
2PCY,fullbackbone,66,11,1
2PCY,fullbackbone,67,13,1
2PCY,fullbackbone,68,15,1
2PCY,fullbackbone,69,13,0
2PCY,fullbackbone,70,11,1
2PCY,fullbackbone,71,11,1
2PCY,fullbackbone,72,11,0
2PCY,fullbackbone,73,16,0
2PCY,fullbackbone,74,11,0
2PCY,fullbackbone,75,14,0
2PCY,fullbackbone,76,11,1
2PCY,fullbackbone,77,11,1
2PCY,fullbackbone,78,11,0
2PCY,fullbackbone,79,17,1
2PCY,fullbackbone,80,15,0
2PCY,fullbackbone,81,18,1
2PCY,fullbackbone,82,20,1
2PCY,fullbackbone,83,22,1
2PCY,fullbackbone,84,17,1
2PCY,fullbackbone,85,12,0
2PCY,fullbackbone,86,13,1
2PCY,fullbackbone,87,10,0
2PCY,fullbackbone,88,6,0
2PCY,fullbackbone,89,8,0
2PCY,fullbackbone,90,8,1
2PCY,fullbackbone,91,18,0
2PCY,fullbackbone,92,17,0
2PCY,fullbackbone,93,16,1
2PCY,fullbackbone,94,15,0
2PCY,fullbackbone,95,15,0
2PCY,fullbackbone,96,14,1
2PCY,fullbackbone,97,16,1
2PCY,fullbackbone,98,10,0
2PCY,ca_only,0,10,0
2PCY,ca_only,1,10,0
2PCY,ca_only,2,18,0
2PCY,ca_only,3,15,0
2PCY,ca_only,4,28,1
2PCY,ca_only,5,17,1
2PCY,ca_only,6,13,0
2PCY,ca_only,7,9,0
2PCY,ca_only,8,5,1
2PCY,ca_only,9,8,1
2PCY,ca_only,10,10,0
2PCY,ca_only,11,18,0
2PCY,ca_only,12,20,0
2PCY,ca_only,13,20,1
2PCY,ca_only,14,16,0
2PCY,ca_only,15,11,1
2PCY,ca_only,16,13,1
2PCY,ca_only,17,10,0
2PCY,ca_only,18,9,0
2PCY,ca_only,19,10,0
2PCY,ca_only,20,13,0
2PCY,ca_only,21,10,0
2PCY,ca_only,22,10,1
2PCY,ca_only,23,8,1
2PCY,ca_only,24,10,1
2PCY,ca_only,25,11,0
2PCY,ca_only,26,13,0
2PCY,ca_only,27,12,0
2PCY,ca_only,28,18,1
2PCY,ca_only,29,19,0
2PCY,ca_only,30,20,0
2PCY,ca_only,31,20,0
2PCY,ca_only,32,16,0
2PCY,ca_only,33,15,0
2PCY,ca_only,34,17,0
2PCY,ca_only,35,15,1
2PCY,ca_only,36,22,1
2PCY,ca_only,37,22,1
2PCY,ca_only,38,22,0
2PCY,ca_only,39,17,1
2PCY,ca_only,40,21,0
2PCY,ca_only,41,9,1
2PCY,ca_only,42,12,0
2PCY,ca_only,43,6,0
2PCY,ca_only,44,10,1
2PCY,ca_only,45,17,0
2PCY,ca_only,46,12,1
2PCY,ca_only,47,7,0
2PCY,ca_only,48,3,1
2PCY,ca_only,49,9,1
2PCY,ca_only,50,8,1
2PCY,ca_only,51,14,0
2PCY,ca_only,52,7,0
2PCY,ca_only,53,7,1
2PCY,ca_only,54,12,0
2PCY,ca_only,55,16,1
2PCY,ca_only,56,14,1
2PCY,ca_only,57,10,0
2PCY,ca_only,58,10,1
2PCY,ca_only,59,5,0
2PCY,ca_only,60,10,0
2PCY,ca_only,61,13,0
2PCY,ca_only,62,14,1
2PCY,ca_only,63,9,0
2PCY,ca_only,64,11,0
2PCY,ca_only,65,10,1
2PCY,ca_only,66,11,1
2PCY,ca_only,67,13,0
2PCY,ca_only,68,15,1
2PCY,ca_only,69,13,1
2PCY,ca_only,70,11,0
2PCY,ca_only,71,11,1
2PCY,ca_only,72,11,0
2PCY,ca_only,73,16,0
2PCY,ca_only,74,11,0
2PCY,ca_only,75,14,0
2PCY,ca_only,76,11,0
2PCY,ca_only,77,11,1
2PCY,ca_only,78,11,0
2PCY,ca_only,79,17,1
2PCY,ca_only,80,15,0
2PCY,ca_only,81,18,1
2PCY,ca_only,82,20,1
2PCY,ca_only,83,22,1
2PCY,ca_only,84,17,0
2PCY,ca_only,85,12,0
2PCY,ca_only,86,13,0
2PCY,ca_only,87,10,0
2PCY,ca_only,88,6,0
2PCY,ca_only,89,8,0
2PCY,ca_only,90,8,1
2PCY,ca_only,91,18,0
2PCY,ca_only,92,17,0
2PCY,ca_only,93,16,1
2PCY,ca_only,94,15,0
2PCY,ca_only,95,15,0
2PCY,ca_only,96,14,1
2PCY,ca_only,97,16,1
2PCY,ca_only,98,10,0
