model,pdb_id,temperature,sample,score_nll,global_score_nll,seq_recovery,perplexity
fullbackbone,1AKI,0.1,1,0.7141,0.7141,0.5504,2.0423477418918177
fullbackbone,1AKI,0.1,2,0.6985,0.6985,0.5814,2.0107343427487554
fullbackbone,1AKI,0.1,3,0.7317,0.7317,0.5736,2.0786112448985143
fullbackbone,1AKI,0.1,4,0.6638,0.6638,0.5659,1.9421585321845567
fullbackbone,1AKI,0.1,5,0.7413,0.7413,0.5736,2.098662002496428
fullbackbone,1AKI,0.1,6,0.7234,0.7234,0.5891,2.061430171653389
fullbackbone,1AKI,0.1,7,0.6993,0.6993,0.5581,2.012343573829561
fullbackbone,1AKI,0.1,8,0.7243,0.7243,0.5659,2.0632862939376166
fullbackbone,1AKI,0.2,1,0.7743,0.7743,0.5736,2.1690732443654213
fullbackbone,1AKI,0.2,2,0.7414,0.7414,0.5349,2.0988718791903374
fullbackbone,1AKI,0.2,3,0.7262,0.7262,0.5349,2.067210264487659
fullbackbone,1AKI,0.2,4,0.7612,0.7612,0.5504,2.140843692136302
fullbackbone,1AKI,0.2,5,0.7183,0.7183,0.5581,2.050943641160259
fullbackbone,1AKI,0.2,6,0.7282,0.7282,0.5349,2.0713488221948224
fullbackbone,1AKI,0.2,7,0.7,0.7,0.5504,2.0137527074704766
fullbackbone,1AKI,0.2,8,0.7575,0.7575,0.5581,2.1329372064938164
fullbackbone,1AKI,0.3,1,0.7767,0.7767,0.5659,2.1742852720833867
fullbackbone,1AKI,0.3,2,0.783,0.783,0.5814,2.188026508743883
fullbackbone,1AKI,0.3,3,0.8132,0.8132,0.5659,2.2551128138091303
fullbackbone,1AKI,0.3,4,0.7669,0.7669,0.5271,2.1530813453597375
fullbackbone,1AKI,0.3,5,0.7459,0.7459,0.5891,2.1083380856369813
fullbackbone,1AKI,0.3,6,0.7954,0.7954,0.5349,2.215326950381699
fullbackbone,1AKI,0.3,7,0.7684,0.7684,0.5349,2.156313390805853
fullbackbone,1AKI,0.3,8,0.7719,0.7719,0.6279,2.1638737105153405
fullbackbone,1BPI,0.1,1,0.8659,0.8659,0.5345,2.3771445536205844
fullbackbone,1BPI,0.1,2,0.8539,0.8539,0.5,2.3487892908163
fullbackbone,1BPI,0.1,3,0.8995,0.8995,0.5172,2.458373617000525
fullbackbone,1BPI,0.1,4,0.8964,0.8964,0.4828,2.450764459076272
fullbackbone,1BPI,0.1,5,0.7916,0.7916,0.4828,2.206924682390159
fullbackbone,1BPI,0.1,6,0.8552,0.8552,0.4828,2.35184470248164
fullbackbone,1BPI,0.1,7,0.8186,0.8186,0.5,2.2673233618116893
fullbackbone,1BPI,0.1,8,0.8522,0.8522,0.5172,2.3447997410999877
fullbackbone,1BPI,0.2,1,0.9469,0.9469,0.4483,2.577706370878344
fullbackbone,1BPI,0.2,2,0.937,0.937,0.5172,2.5523129824793847
fullbackbone,1BPI,0.2,3,0.8761,0.8761,0.5172,2.4015155086423112
fullbackbone,1BPI,0.2,4,0.8893,0.8893,0.5172,2.4334256570015524
fullbackbone,1BPI,0.2,5,0.8736,0.8736,0.4483,2.3955192183566303
fullbackbone,1BPI,0.2,6,0.8919,0.8919,0.4655,2.4397607958214276
fullbackbone,1BPI,0.2,7,0.9192,0.9192,0.4655,2.5072837603831903
fullbackbone,1BPI,0.2,8,0.9309,0.9309,0.4828,2.5367912626619398
fullbackbone,1BPI,0.3,1,0.9973,0.9973,0.5,2.7109523667481628
fullbackbone,1BPI,0.3,2,0.8997,0.8997,0.4655,2.4588653408946755
fullbackbone,1BPI,0.3,3,0.9795,0.9795,0.5,2.66312434680998
fullbackbone,1BPI,0.3,4,0.9087,0.9087,0.5172,2.4810950124345763
fullbackbone,1BPI,0.3,5,0.9108,0.9108,0.5172,2.486310786606773
fullbackbone,1BPI,0.3,6,0.9187,0.9187,0.4828,2.50603043186124
fullbackbone,1BPI,0.3,7,0.9424,0.9424,0.5,2.5661327523814843
fullbackbone,1BPI,0.3,8,0.8999,0.8999,0.5517,2.45935716314344
fullbackbone,1CRN,0.1,1,0.8156,0.8156,0.587,2.260531584486075
fullbackbone,1CRN,0.1,2,0.7882,0.7882,0.5435,2.1994338800501487
fullbackbone,1CRN,0.1,3,0.7848,0.7848,0.5652,2.191968503190285
fullbackbone,1CRN,0.1,4,0.7902,0.7902,0.5217,2.2038371496120543
fullbackbone,1CRN,0.1,5,0.7705,0.7705,0.5217,2.1608464069275897
fullbackbone,1CRN,0.1,6,0.8233,0.8233,0.5217,2.2780048634782637
fullbackbone,1CRN,0.1,7,0.8038,0.8038,0.5652,2.2340140727989066
fullbackbone,1CRN,0.1,8,0.8086,0.8086,0.5217,2.2447631174172678
fullbackbone,1CRN,0.2,1,0.827,0.827,0.5652,2.2864490936655226
fullbackbone,1CRN,0.2,2,0.8152,0.8152,0.4783,2.2596275526706973
fullbackbone,1CRN,0.2,3,0.9069,0.9069,0.5435,2.476633058375575
fullbackbone,1CRN,0.2,4,0.8461,0.8461,0.5217,2.330539999109405
fullbackbone,1CRN,0.2,5,0.8525,0.8525,0.5217,2.3455032865488583
fullbackbone,1CRN,0.2,6,0.8596,0.8596,0.5435,2.3622156184559637
fullbackbone,1CRN,0.2,7,0.7676,0.7676,0.5652,2.1545890299295247
fullbackbone,1CRN,0.2,8,0.911,0.911,0.4783,2.4868080984936256
fullbackbone,1CRN,0.3,1,0.8726,0.8726,0.5217,2.3931248964987297
fullbackbone,1CRN,0.3,2,0.8234,0.8234,0.5217,2.2782326753550155
fullbackbone,1CRN,0.3,3,0.9694,0.9694,0.5,2.636362167413591
fullbackbone,1CRN,0.3,4,0.9162,0.9162,0.5435,2.4997731806046426
fullbackbone,1CRN,0.3,5,0.8697,0.8697,0.587,2.3861948876684678
fullbackbone,1CRN,0.3,6,0.926,0.926,0.5,2.524391389973053
fullbackbone,1CRN,0.3,7,0.9417,0.9417,0.5,2.56433708801067
fullbackbone,1CRN,0.3,8,0.8953,0.8953,0.4783,2.4480701003402743
fullbackbone,1CSP,0.1,1,0.8842,0.8842,0.4179,2.4210467791206467
fullbackbone,1CSP,0.1,2,0.9228,0.9228,0.5373,2.516326248633535
fullbackbone,1CSP,0.1,3,0.9292,0.9292,0.4925,2.5324823811024624
fullbackbone,1CSP,0.1,4,0.8951,0.8951,0.5075,2.447580535278344
fullbackbone,1CSP,0.1,5,0.8998,0.8998,0.5224,2.459111239723501
fullbackbone,1CSP,0.1,6,0.8753,0.8753,0.5373,2.3995950645154718
fullbackbone,1CSP,0.1,7,0.9365,0.9365,0.5522,2.551037144974101
fullbackbone,1CSP,0.1,8,0.8304,0.8304,0.4776,2.2942362512502523
fullbackbone,1CSP,0.2,1,0.9534,0.9534,0.5821,2.59451603451188
fullbackbone,1CSP,0.2,2,0.9107,0.9107,0.5672,2.486062167959252
fullbackbone,1CSP,0.2,3,0.9591,0.9591,0.5224,2.609347004016859
fullbackbone,1CSP,0.2,4,0.9362,0.9362,0.5373,2.550271948615802
fullbackbone,1CSP,0.2,5,0.9459,0.9459,0.5224,2.575129952931141
fullbackbone,1CSP,0.2,6,1.008,1.008,0.4925,2.7401153005299412
fullbackbone,1CSP,0.2,7,0.869,0.869,0.403,2.38452513572846
fullbackbone,1CSP,0.2,8,0.9507,0.9507,0.4925,2.587520289724076
fullbackbone,1CSP,0.3,1,1.0589,1.0589,0.4328,2.8831977267940947
fullbackbone,1CSP,0.3,2,0.9295,0.9295,0.4776,2.5332422397898973
fullbackbone,1CSP,0.3,3,0.9669,0.9669,0.4925,2.6297794937655925
fullbackbone,1CSP,0.3,4,1.0003,1.0003,0.5522,2.719097435342498
fullbackbone,1CSP,0.3,5,0.9892,0.9892,0.4478,2.689082345736808
fullbackbone,1CSP,0.3,6,1.0782,1.0782,0.5075,2.939383895393538
fullbackbone,1CSP,0.3,7,0.9814,0.9814,0.4776,2.668189093054207
fullbackbone,1CSP,0.3,8,1.0576,1.0576,0.4925,2.879452004995954
fullbackbone,1ENH,0.1,1,0.9261,0.9261,0.4074,2.5246438417344277
fullbackbone,1ENH,0.1,2,1.06,1.06,0.4074,2.8863709892679585
fullbackbone,1ENH,0.1,3,1.0055,1.0055,0.463,2.733273568007671
fullbackbone,1ENH,0.1,4,0.9948,0.9948,0.3704,2.704183450502077
fullbackbone,1ENH,0.1,5,1.0706,1.0706,0.3704,2.917129252550262
fullbackbone,1ENH,0.1,6,0.9561,0.9561,0.4259,2.601530693333066
fullbackbone,1ENH,0.1,7,1.056,1.056,0.3704,2.874848565521607
fullbackbone,1ENH,0.1,8,1.0449,1.0449,0.3889,2.8431141980159227
fullbackbone,1ENH,0.2,1,0.9966,0.9966,0.4259,2.7090553641198203
fullbackbone,1ENH,0.2,2,1.0655,1.0655,0.4259,2.902289766216978
fullbackbone,1ENH,0.2,3,1.1881,1.1881,0.4074,3.280841682514772
fullbackbone,1ENH,0.2,4,1.1427,1.1427,0.3704,3.1352220471071406
fullbackbone,1ENH,0.2,5,1.0284,1.0284,0.3889,2.7965877128163994
fullbackbone,1ENH,0.2,6,1.106,1.106,0.3704,3.02224520339094
fullbackbone,1ENH,0.2,7,1.0695,1.0695,0.4259,2.913922174588716
fullbackbone,1ENH,0.2,8,1.1074,1.1074,0.3889,3.0264793098586433
fullbackbone,1ENH,0.3,1,1.2539,1.2539,0.3889,3.5039818735950807
fullbackbone,1ENH,0.3,2,1.2019,1.2019,0.3333,3.326431141498043
fullbackbone,1ENH,0.3,3,1.1474,1.1474,0.4444,3.1499922735712196
fullbackbone,1ENH,0.3,4,1.1134,1.1134,0.3519,3.044692771462254
fullbackbone,1ENH,0.3,5,1.1471,1.1471,0.4074,3.1490474176246264
fullbackbone,1ENH,0.3,6,1.2015,1.2015,0.3519,3.3251008351204567
fullbackbone,1ENH,0.3,7,1.1134,1.1134,0.4259,3.044692771462254
fullbackbone,1ENH,0.3,8,1.055,1.055,0.4074,2.871975153901346
fullbackbone,1FKB,0.1,1,0.7232,0.7232,0.6355,2.061017926844913
fullbackbone,1FKB,0.1,2,0.757,0.757,0.6449,2.1318710044632896
fullbackbone,1FKB,0.1,3,0.7162,0.7162,0.6262,2.0466411786805807
fullbackbone,1FKB,0.1,4,0.7181,0.7181,0.6355,2.050533493448165
fullbackbone,1FKB,0.1,5,0.7471,0.7471,0.6542,2.1108696099505506
fullbackbone,1FKB,0.1,6,0.7131,0.7131,0.6355,2.0403064149834904
fullbackbone,1FKB,0.1,7,0.731,0.731,0.6729,2.0771567261680337
fullbackbone,1FKB,0.1,8,0.7452,0.7452,0.6636,2.106862765399361
fullbackbone,1FKB,0.2,1,0.784,0.784,0.6449,2.190215629630643
fullbackbone,1FKB,0.2,2,0.7738,0.7738,0.6542,2.167988978832211
fullbackbone,1FKB,0.2,3,0.7931,0.7931,0.6168,2.210237553445873
fullbackbone,1FKB,0.2,4,0.7872,0.7872,0.6822,2.1972355455205577
fullbackbone,1FKB,0.2,5,0.786,0.786,0.6355,2.194600444242912
fullbackbone,1FKB,0.2,6,0.7776,0.7776,0.5607,2.176243009678032
fullbackbone,1FKB,0.2,7,0.7659,0.7659,0.6262,2.1509293401962934
fullbackbone,1FKB,0.2,8,0.7547,0.7547,0.6729,2.1269733356312366
fullbackbone,1FKB,0.3,1,0.8014,0.8014,0.5981,2.2286588678406374
fullbackbone,1FKB,0.3,2,0.8196,0.8196,0.5888,2.2695918192131637
fullbackbone,1FKB,0.3,3,0.7757,0.7757,0.6449,2.172112073591649
fullbackbone,1FKB,0.3,4,0.8581,0.8581,0.6262,2.358674951192602
fullbackbone,1FKB,0.3,5,0.7822,0.7822,0.6449,2.186276787518696
fullbackbone,1FKB,0.3,6,0.7967,0.7967,0.6636,2.2182087481799106
fullbackbone,1FKB,0.3,7,0.8274,0.8274,0.6075,2.2873638562433074
fullbackbone,1FKB,0.3,8,0.823,0.823,0.6075,2.2773215645191884
fullbackbone,1HEL,0.1,1,0.743,0.743,0.5271,2.1022327621864507
fullbackbone,1HEL,0.1,2,0.7518,0.7518,0.5659,2.1208140482412547
fullbackbone,1HEL,0.1,3,0.7589,0.7589,0.5581,2.135925409837175
fullbackbone,1HEL,0.1,4,0.7234,0.7234,0.5581,2.061430171653389
fullbackbone,1HEL,0.1,5,0.7365,0.7365,0.5736,2.088612562834551
fullbackbone,1HEL,0.1,6,0.74,0.74,0.5581,2.0959355144943643
fullbackbone,1HEL,0.1,7,0.7253,0.7253,0.5659,2.065350612218668
fullbackbone,1HEL,0.1,8,0.7811,0.7811,0.5426,2.183873205265026
fullbackbone,1HEL,0.2,1,0.7532,0.7532,0.5349,2.1237852672768183
fullbackbone,1HEL,0.2,2,0.7889,0.7889,0.6124,2.2009740227532406
fullbackbone,1HEL,0.2,3,0.7803,0.7803,0.5659,2.18212680535392
fullbackbone,1HEL,0.2,4,0.7687,0.7687,0.5659,2.156960381866902
fullbackbone,1HEL,0.2,5,0.7929,0.7929,0.5504,2.2097955501369877
fullbackbone,1HEL,0.2,6,0.7682,0.7682,0.6124,2.155882171251085
fullbackbone,1HEL,0.2,7,0.7813,0.7813,0.6047,2.1843100235864554
fullbackbone,1HEL,0.2,8,0.7825,0.7825,0.5736,2.186932768947246
fullbackbone,1HEL,0.3,1,0.7935,0.7935,0.4961,2.2111218253098333
fullbackbone,1HEL,0.3,2,0.773,0.773,0.5581,2.1662552812206535
fullbackbone,1HEL,0.3,3,0.7956,0.7956,0.5504,2.215770060081268
fullbackbone,1HEL,0.3,4,0.7948,0.7948,0.6124,2.2139981528905808
fullbackbone,1HEL,0.3,5,0.7795,0.7795,0.5814,2.1803818020040433
fullbackbone,1HEL,0.3,6,0.757,0.757,0.5891,2.1318710044632896
fullbackbone,1HEL,0.3,7,0.8398,0.8398,0.5271,2.3159037497099866
fullbackbone,1HEL,0.3,8,0.8285,0.8285,0.5736,2.2898813408478613
fullbackbone,1IGD,0.1,1,0.7714,0.7714,0.6066,2.1627920440992217
fullbackbone,1IGD,0.1,2,0.7881,0.7881,0.5246,2.1992139476589463
fullbackbone,1IGD,0.1,3,0.8321,0.8321,0.5574,2.2981397699281563
fullbackbone,1IGD,0.1,4,0.8073,0.8073,0.541,2.241846821367769
fullbackbone,1IGD,0.1,5,0.8184,0.8184,0.541,2.266869942482771
fullbackbone,1IGD,0.1,6,0.8239,0.8239,0.541,2.2793720765192464
fullbackbone,1IGD,0.1,7,0.7223,0.7223,0.5574,2.0591638451726557
fullbackbone,1IGD,0.1,8,0.8624,0.8624,0.541,2.3688390907214774
fullbackbone,1IGD,0.2,1,0.8452,0.8452,0.541,2.328443456695809
fullbackbone,1IGD,0.2,2,0.932,0.932,0.5574,2.5395832683724815
fullbackbone,1IGD,0.2,3,0.9072,0.9072,0.5574,2.477376159752721
fullbackbone,1IGD,0.2,4,0.8538,0.8538,0.541,2.3485544236307736
fullbackbone,1IGD,0.2,5,0.882,0.882,0.6066,2.415726330845598
fullbackbone,1IGD,0.2,6,0.8268,0.8268,0.5738,2.285991849572723
fullbackbone,1IGD,0.2,7,0.8415,0.8415,0.5574,2.3198441344625573
fullbackbone,1IGD,0.2,8,0.8647,0.8647,0.541,2.374293691015906
fullbackbone,1IGD,0.3,1,0.9551,0.9551,0.4918,2.5989304629715995
fullbackbone,1IGD,0.3,2,0.7985,0.7985,0.5246,2.222205119581876
fullbackbone,1IGD,0.3,3,0.8553,0.8553,0.5738,2.3520798987115032
fullbackbone,1IGD,0.3,4,0.9533,0.9533,0.5738,2.594256595880577
fullbackbone,1IGD,0.3,5,0.9497,0.9497,0.5082,2.5849340627633515
fullbackbone,1IGD,0.3,6,0.8935,0.8935,0.459,2.4436675376547705
fullbackbone,1IGD,0.3,7,0.9366,0.9366,0.5082,2.5512922614442095
fullbackbone,1IGD,0.3,8,0.9081,0.9081,0.541,2.4796068019349122
fullbackbone,1LZ1,0.1,1,0.7567,0.7567,0.5308,2.1312315390865533
fullbackbone,1LZ1,0.1,2,0.779,0.779,0.5615,2.179291883605348
fullbackbone,1LZ1,0.1,3,0.7722,0.7722,0.5231,2.16452297001255
fullbackbone,1LZ1,0.1,4,0.7331,0.7331,0.5462,2.081523338631343
fullbackbone,1LZ1,0.1,5,0.7732,0.7732,0.5615,2.166688575604892
fullbackbone,1LZ1,0.1,6,0.7557,0.7557,0.5538,2.12910137280812
fullbackbone,1LZ1,0.1,7,0.7624,0.7624,0.5846,2.1434142465910715
fullbackbone,1LZ1,0.1,8,0.7532,0.7532,0.5308,2.1237852672768183
fullbackbone,1LZ1,0.2,1,0.7398,0.7398,0.5615,2.0955163693073815
fullbackbone,1LZ1,0.2,2,0.7555,0.7555,0.5769,2.128675595112747
fullbackbone,1LZ1,0.2,3,0.7371,0.7371,0.5615,2.089866106397714
fullbackbone,1LZ1,0.2,4,0.7697,0.7697,0.5615,2.159118421088543
fullbackbone,1LZ1,0.2,5,0.8048,0.8048,0.5692,2.2362492042511706
fullbackbone,1LZ1,0.2,6,0.7488,0.7488,0.5538,2.1144611402232383
fullbackbone,1LZ1,0.2,7,0.7648,0.7648,0.6154,2.1485646187573115
fullbackbone,1LZ1,0.2,8,0.7775,0.7775,0.5615,2.176025396257917
fullbackbone,1LZ1,0.3,1,0.8504,0.8504,0.5615,2.3405828978634684
fullbackbone,1LZ1,0.3,2,0.7904,0.7904,0.5385,2.2042779611216585
fullbackbone,1LZ1,0.3,3,0.817,0.817,0.5385,2.263698545059486
fullbackbone,1LZ1,0.3,4,0.7822,0.7822,0.5231,2.186276787518696
fullbackbone,1LZ1,0.3,5,0.8019,0.8019,0.5385,2.229773475903352
fullbackbone,1LZ1,0.3,6,0.7753,0.7753,0.5769,2.1712434025080114
fullbackbone,1LZ1,0.3,7,0.8265,0.8265,0.4923,2.285306154877198
fullbackbone,1LZ1,0.3,8,0.8128,0.8128,0.5769,2.2542109490685793
fullbackbone,1MBN,0.1,1,1.0128,1.0128,0.3922,2.753299470667217
fullbackbone,1MBN,0.1,2,0.9803,0.9803,0.3987,2.6652556987145175
fullbackbone,1MBN,0.1,3,0.989,0.989,0.3922,2.688544583045722
fullbackbone,1MBN,0.1,4,0.9658,0.9658,0.4314,2.626888326755832
fullbackbone,1MBN,0.1,5,0.9934,0.9934,0.3399,2.700400242534875
fullbackbone,1MBN,0.1,6,0.9806,0.9806,0.3922,2.6660553953726334
fullbackbone,1MBN,0.1,7,0.9705,0.9705,0.3922,2.639263761381851
fullbackbone,1MBN,0.1,8,0.98,0.98,0.4314,2.664456241929417
fullbackbone,1MBN,0.2,1,1.0413,1.0413,0.3595,2.832897388194895
fullbackbone,1MBN,0.2,2,1.0909,1.0909,0.3595,2.976952124170827
fullbackbone,1MBN,0.2,3,1.0751,1.0751,0.3987,2.9302859144742075
fullbackbone,1MBN,0.2,4,1.0219,1.0219,0.3856,2.7784688428041093
fullbackbone,1MBN,0.2,5,1.0673,1.0673,0.3856,2.9075185923278855
fullbackbone,1MBN,0.2,6,0.9819,0.9819,0.3856,2.669523521179965
fullbackbone,1MBN,0.2,7,1.0241,1.0241,0.3791,2.784588203086447
fullbackbone,1MBN,0.2,8,0.9823,0.9823,0.3987,2.6705915441787957
fullbackbone,1MBN,0.3,1,1.147,1.147,0.366,3.1487325286275762
fullbackbone,1MBN,0.3,2,1.1476,1.1476,0.3725,3.150622335029979
fullbackbone,1MBN,0.3,3,1.0996,1.0996,0.3203,3.002964597838095
fullbackbone,1MBN,0.3,4,1.0813,1.0813,0.366,2.9485101238147235
fullbackbone,1MBN,0.3,5,1.1104,1.1104,0.3856,3.035572380574491
fullbackbone,1MBN,0.3,6,1.0692,1.0692,0.3464,2.9130481290497254
fullbackbone,1MBN,0.3,7,1.1453,1.1453,0.3464,3.1433842306702213
fullbackbone,1MBN,0.3,8,1.0758,1.0758,0.3725,2.932337832701933
fullbackbone,1PIN,0.1,1,0.8621,0.8621,0.4706,2.368128545581361
fullbackbone,1PIN,0.1,2,0.8547,0.8547,0.4902,2.3506690740619964
fullbackbone,1PIN,0.1,3,0.8393,0.8393,0.4706,2.3147460872748584
fullbackbone,1PIN,0.1,4,0.8364,0.8364,0.4641,2.308043047726819
fullbackbone,1PIN,0.1,5,0.8612,0.8612,0.4641,2.3659981886947357
fullbackbone,1PIN,0.1,6,0.8633,0.8633,0.5098,2.370972005570837
fullbackbone,1PIN,0.1,7,0.8638,0.8638,0.4967,2.372157787994525
fullbackbone,1PIN,0.1,8,0.8534,0.8534,0.4706,2.3476151897206265
fullbackbone,1PIN,0.2,1,0.8607,0.8607,0.4771,2.3648154853008765
fullbackbone,1PIN,0.2,2,0.8959,0.8959,0.5098,2.44953938314124
fullbackbone,1PIN,0.2,3,0.893,0.893,0.4837,2.442446009293482
fullbackbone,1PIN,0.2,4,0.901,0.901,0.4902,2.4620639444796986
fullbackbone,1PIN,0.2,5,0.8772,0.8772,0.4706,2.4041586291515835
fullbackbone,1PIN,0.2,6,0.9133,0.9133,0.4706,2.4925343397733144
fullbackbone,1PIN,0.2,7,0.8784,0.8784,0.4641,2.407045351193384
fullbackbone,1PIN,0.2,8,0.871,0.871,0.4837,2.3892989582311457
fullbackbone,1PIN,0.3,1,1.0146,1.0146,0.4444,2.7582598727369723
fullbackbone,1PIN,0.3,2,0.9067,0.9067,0.5098,2.476137781293259
fullbackbone,1PIN,0.3,3,0.9557,0.9557,0.4641,2.6004902891504416
fullbackbone,1PIN,0.3,4,0.9018,0.9018,0.4771,2.464034383705883
fullbackbone,1PIN,0.3,5,0.8919,0.8919,0.4967,2.4397607958214276
fullbackbone,1PIN,0.3,6,0.9385,0.9385,0.5163,2.5561443247414233
fullbackbone,1PIN,0.3,7,0.9314,0.9314,0.5033,2.538059975445035
fullbackbone,1PIN,0.3,8,0.9043,0.9043,0.4771,2.4702021761933652
fullbackbone,1R69,0.1,1,0.8311,0.8311,0.5397,2.2958427788451856
fullbackbone,1R69,0.1,2,0.8243,0.8243,0.5079,2.280284007723936
fullbackbone,1R69,0.1,3,0.7949,0.7949,0.5079,2.21421956377623
fullbackbone,1R69,0.1,4,0.7855,0.7855,0.4603,2.1935034183001307
fullbackbone,1R69,0.1,5,0.7723,0.7723,0.5079,2.164739433132527
fullbackbone,1R69,0.1,6,0.7991,0.7991,0.5079,2.2235388427305582
fullbackbone,1R69,0.1,7,0.7797,0.7797,0.5714,2.1808179219749877
fullbackbone,1R69,0.1,8,0.8485,0.8485,0.4603,2.3361400124352523
fullbackbone,1R69,0.2,1,0.8252,0.8252,0.4603,2.282337187123028
fullbackbone,1R69,0.2,2,0.82,0.82,0.4921,2.2704998375324057
fullbackbone,1R69,0.2,3,0.8036,0.8036,0.4921,2.23356731466165
fullbackbone,1R69,0.2,4,0.825,0.825,0.5397,2.2818807653293036
fullbackbone,1R69,0.2,5,0.8042,0.8042,0.4603,2.234907857172984
fullbackbone,1R69,0.2,6,0.8616,0.8616,0.4762,2.3669447772753087
fullbackbone,1R69,0.2,7,0.8539,0.8539,0.4921,2.3487892908163
fullbackbone,1R69,0.2,8,0.8288,0.8288,0.4444,2.2905684083050812
fullbackbone,1R69,0.3,1,0.892,0.892,0.4762,2.4400047841002204
fullbackbone,1R69,0.3,2,0.805,0.805,0.5238,2.236696498819987
fullbackbone,1R69,0.3,3,0.9046,0.9046,0.4603,2.4709433480164376
fullbackbone,1R69,0.3,4,0.8635,0.8635,0.5238,2.371446247394553
fullbackbone,1R69,0.3,5,0.9292,0.9292,0.6032,2.5324823811024624
fullbackbone,1R69,0.3,6,0.8206,0.8206,0.5238,2.271862546206646
fullbackbone,1R69,0.3,7,0.8635,0.8635,0.4762,2.371446247394553
fullbackbone,1R69,0.3,8,0.8834,0.8834,0.4921,2.419110716225765
fullbackbone,1RIS,0.1,1,0.9642,0.9642,0.3608,2.6226886660575084
fullbackbone,1RIS,0.1,2,0.9774,0.9774,0.3093,2.6575376537624886
fullbackbone,1RIS,0.1,3,0.9318,0.9318,0.3711,2.5390754025070863
fullbackbone,1RIS,0.1,4,0.8822,0.8822,0.3608,2.4162095244295148
fullbackbone,1RIS,0.1,5,0.918,0.918,0.3299,2.504276824393157
fullbackbone,1RIS,0.1,6,0.9902,0.9902,0.299,2.69177277307201
fullbackbone,1RIS,0.1,7,0.9852,0.9852,0.3196,2.678347500357742
fullbackbone,1RIS,0.1,8,0.9551,0.9551,0.3608,2.5989304629715995
fullbackbone,1RIS,0.2,1,0.97,0.97,0.3505,2.6379444593541526
fullbackbone,1RIS,0.2,2,0.9864,0.9864,0.3505,2.6815634465399674
fullbackbone,1RIS,0.2,3,0.991,0.991,0.3402,2.693927052887499
fullbackbone,1RIS,0.2,4,1.0516,1.0516,0.3505,2.8622270195971
fullbackbone,1RIS,0.2,5,1.0248,1.0248,0.3505,2.7865380972119307
fullbackbone,1RIS,0.2,6,0.9815,0.9815,0.2887,2.6684559253049023
fullbackbone,1RIS,0.2,7,1.0115,1.0115,0.3505,2.749722506885564
fullbackbone,1RIS,0.2,8,0.9693,0.9693,0.3402,2.636098544378221
fullbackbone,1RIS,0.3,1,0.9988,0.9988,0.3196,2.7150218466451808
fullbackbone,1RIS,0.3,2,1.11,1.11,0.3299,3.034358394435676
fullbackbone,1RIS,0.3,3,1.0082,1.0082,0.299,2.7406633783960066
fullbackbone,1RIS,0.3,4,0.9876,0.9876,0.3711,2.684783254174019
fullbackbone,1RIS,0.3,5,1.0394,1.0394,0.3299,2.827519993300175
fullbackbone,1RIS,0.3,6,1.0716,1.0716,0.3711,2.9200478408537487
fullbackbone,1RIS,0.3,7,0.9878,0.9878,0.3196,2.6853202645240986
fullbackbone,1RIS,0.3,8,0.9915,0.9915,0.3918,2.695274353210955
fullbackbone,1SHG,0.1,1,0.7962,0.7962,0.5088,2.2170999210357074
fullbackbone,1SHG,0.1,2,0.7943,0.7943,0.5263,2.212891430517786
fullbackbone,1SHG,0.1,3,0.7995,0.7995,0.4035,2.224428436174478
fullbackbone,1SHG,0.1,4,0.8163,0.8163,0.4912,2.262114510554703
fullbackbone,1SHG,0.1,5,0.8101,0.8101,0.5439,2.2481327887150537
fullbackbone,1SHG,0.1,6,0.8072,0.8072,0.5263,2.2416226478944927
fullbackbone,1SHG,0.1,7,0.7967,0.7967,0.5088,2.2182087481799106
fullbackbone,1SHG,0.1,8,0.8398,0.8398,0.5263,2.3159037497099866
fullbackbone,1SHG,0.2,1,0.8386,0.8386,0.5088,2.3131263319942543
fullbackbone,1SHG,0.2,2,0.8281,0.8281,0.5088,2.2889655714776063
fullbackbone,1SHG,0.2,3,0.7994,0.7994,0.5439,2.2242060044526317
fullbackbone,1SHG,0.2,4,0.8278,0.8278,0.4211,2.288278984799314
fullbackbone,1SHG,0.2,5,0.7917,0.7917,0.4737,2.207145385893389
fullbackbone,1SHG,0.2,6,0.7957,0.7957,0.4386,2.215991648166496
fullbackbone,1SHG,0.2,7,0.8737,0.8737,0.4912,2.395758782256461
fullbackbone,1SHG,0.2,8,0.8172,0.8172,0.5789,2.264151330045488
fullbackbone,1SHG,0.3,1,0.8484,0.8484,0.4912,2.33590641011432
fullbackbone,1SHG,0.3,2,0.7986,0.7986,0.4912,2.22242735120523
fullbackbone,1SHG,0.3,3,0.8276,0.8276,0.4737,2.2878213747648832
fullbackbone,1SHG,0.3,4,0.9366,0.9366,0.5088,2.5512922614442095
fullbackbone,1SHG,0.3,5,0.9004,0.9004,0.4561,2.4605871491958995
fullbackbone,1SHG,0.3,6,0.8187,0.8187,0.5614,2.2675501054848652
fullbackbone,1SHG,0.3,7,0.8703,0.8703,0.4737,2.387627034202064
fullbackbone,1SHG,0.3,8,0.9196,0.9196,0.4211,2.508286874496791
fullbackbone,1STN,0.1,1,0.8547,0.8547,0.4632,2.3506690740619964
fullbackbone,1STN,0.1,2,0.8128,0.8128,0.4559,2.2542109490685793
fullbackbone,1STN,0.1,3,0.8274,0.8274,0.5147,2.2873638562433074
fullbackbone,1STN,0.1,4,0.8392,0.8392,0.4706,2.3145146242394756
fullbackbone,1STN,0.1,5,0.8187,0.8187,0.4559,2.2675501054848652
fullbackbone,1STN,0.1,6,0.7981,0.7981,0.4632,2.221316415286752
fullbackbone,1STN,0.1,7,0.7925,0.7925,0.4559,2.208911808677008
fullbackbone,1STN,0.1,8,0.7907,0.7907,0.4926,2.204939343712423
fullbackbone,1STN,0.2,1,0.8168,0.8168,0.5221,2.2632458506214275
fullbackbone,1STN,0.2,2,0.8302,0.8302,0.5,2.2937774498816688
fullbackbone,1STN,0.2,3,0.8237,0.8237,0.4265,2.278916247688345
fullbackbone,1STN,0.2,4,0.8004,0.8004,0.4853,2.2264313229308805
fullbackbone,1STN,0.2,5,0.8581,0.8581,0.4191,2.358674951192602
fullbackbone,1STN,0.2,6,0.8299,0.8299,0.4779,2.293089419856368
fullbackbone,1STN,0.2,7,0.8611,0.8611,0.4485,2.365761600705463
fullbackbone,1STN,0.2,8,0.7979,0.7979,0.5147,2.2208721964270612
fullbackbone,1STN,0.3,1,0.8559,0.8559,0.4706,2.3534915701098
fullbackbone,1STN,0.3,2,0.8347,0.8347,0.4265,2.3041227077787876
fullbackbone,1STN,0.3,3,0.9203,0.9203,0.4926,2.510043289982639
fullbackbone,1STN,0.3,4,0.9374,0.9374,0.4265,2.5533341118846424
fullbackbone,1STN,0.3,5,0.8475,0.8475,0.4265,2.333805040103564
fullbackbone,1STN,0.3,6,0.9082,0.9082,0.4779,2.479854775013553
fullbackbone,1STN,0.3,7,0.8698,0.8698,0.4779,2.3864335190886066
fullbackbone,1STN,0.3,8,0.8886,0.8886,0.4779,2.4317228550918504
fullbackbone,1TIM,0.1,1,0.9745,0.9745,0.2955,2.6498419587177913
fullbackbone,1TIM,0.1,2,0.9611,0.9611,0.2935,2.61457092019977
fullbackbone,1TIM,0.1,3,0.9563,0.9563,0.2814,2.6020510515058155
fullbackbone,1TIM,0.1,4,0.9399,0.9399,0.2895,2.559725432986919
fullbackbone,1TIM,0.1,5,0.9703,0.9703,0.2773,2.638735961411331
fullbackbone,1TIM,0.1,6,0.9814,0.9814,0.2915,2.668189093054207
fullbackbone,1TIM,0.1,7,0.972,0.972,0.2773,2.643225627680798
fullbackbone,1TIM,0.1,8,0.9701,0.9701,0.2955,2.63820826699025
fullbackbone,1TIM,0.2,1,1.0073,1.0073,0.3097,2.738197890991203
fullbackbone,1TIM,0.2,2,0.9858,0.9858,0.2895,2.679954991056942
fullbackbone,1TIM,0.2,3,1.016,1.016,0.2874,2.7621241409153656
fullbackbone,1TIM,0.2,4,1.0,1.0,0.3036,2.718281828459045
fullbackbone,1TIM,0.2,5,0.9701,0.9701,0.2692,2.63820826699025
fullbackbone,1TIM,0.2,6,1.0136,1.0136,0.2895,2.755502991534577
fullbackbone,1TIM,0.2,7,1.0248,1.0248,0.3097,2.7865380972119307
fullbackbone,1TIM,0.2,8,1.0342,1.0342,0.2996,2.8128550512293855
fullbackbone,1TIM,0.3,1,1.0642,1.0642,0.2733,2.8985192408933727
fullbackbone,1TIM,0.3,2,1.0911,1.0911,0.2976,2.977547574138673
fullbackbone,1TIM,0.3,3,1.0525,1.0525,0.2773,2.864804183464519
fullbackbone,1TIM,0.3,4,1.0576,1.0576,0.2976,2.879452004995954
fullbackbone,1TIM,0.3,5,1.0494,1.0494,0.2794,2.8559370416666674
fullbackbone,1TIM,0.3,6,1.0551,1.0551,0.2834,2.8722623657770905
fullbackbone,1TIM,0.3,7,1.0868,1.0868,0.2753,2.9647716075835993
fullbackbone,1TIM,0.3,8,1.0873,1.0873,0.2874,2.9662543640456156
fullbackbone,1TUP,0.1,1,0.8515,0.8515,0.3795,2.3431589556231334
fullbackbone,1TUP,0.1,2,0.8693,0.8693,0.3846,2.3852406005835407
fullbackbone,1TUP,0.1,3,0.8615,0.8615,0.3744,2.366708094631911
fullbackbone,1TUP,0.1,4,0.8783,0.8783,0.3658,2.40680465869309
fullbackbone,1TUP,0.1,5,0.8672,0.8672,0.3863,2.380236851098153
fullbackbone,1TUP,0.1,6,0.867,0.867,0.388,2.3797608513294968
fullbackbone,1TUP,0.1,7,0.8812,0.8812,0.3829,2.4137945226072466
fullbackbone,1TUP,0.1,8,0.8637,0.8637,0.3675,2.371920584076119
fullbackbone,1TUP,0.2,1,0.8821,0.8821,0.3692,2.415967915557717
fullbackbone,1TUP,0.2,2,0.902,0.902,0.3778,2.464527239866597
fullbackbone,1TUP,0.2,3,0.8783,0.8783,0.3726,2.40680465869309
fullbackbone,1TUP,0.2,4,0.9004,0.9004,0.3915,2.4605871491958995
fullbackbone,1TUP,0.2,5,0.8981,0.8981,0.3607,2.454934302018966
fullbackbone,1TUP,0.2,6,0.8917,0.8917,0.3761,2.4392728924542264
fullbackbone,1TUP,0.2,7,0.8941,0.8941,0.3709,2.4451341781255054
fullbackbone,1TUP,0.2,8,0.9008,0.9008,0.3915,2.461571580928799
fullbackbone,1TUP,0.3,1,0.9306,0.9306,0.3521,2.536030339427333
fullbackbone,1TUP,0.3,2,0.9469,0.9469,0.3709,2.577706370878344
fullbackbone,1TUP,0.3,3,0.9633,0.9633,0.3726,2.620329308128382
fullbackbone,1TUP,0.3,4,0.9187,0.9187,0.3812,2.50603043186124
fullbackbone,1TUP,0.3,5,0.9771,0.9771,0.3607,2.656740512043596
fullbackbone,1TUP,0.3,6,0.9419,0.9419,0.3709,2.564850006718433
fullbackbone,1TUP,0.3,7,0.9436,0.9436,0.3453,2.5692139600391917
fullbackbone,1TUP,0.3,8,0.9543,0.9543,0.3795,2.5968521500372397
fullbackbone,1UBI,0.1,1,0.8258,0.8258,0.5395,2.2837070003381714
fullbackbone,1UBI,0.1,2,0.771,0.771,0.5526,2.161927100281878
fullbackbone,1UBI,0.1,3,0.8229,0.8229,0.5395,2.277093843748965
fullbackbone,1UBI,0.1,4,0.7997,0.7997,0.6184,2.2248733663532474
fullbackbone,1UBI,0.1,5,0.7903,0.7903,0.5395,2.204057544346569
fullbackbone,1UBI,0.1,6,0.8099,0.8099,0.5,2.247683207116969
fullbackbone,1UBI,0.1,7,0.7782,0.7782,0.5789,2.177549147285937
fullbackbone,1UBI,0.1,8,0.736,0.736,0.5789,2.087568517586196
fullbackbone,1UBI,0.2,1,0.8547,0.8547,0.5789,2.3506690740619964
fullbackbone,1UBI,0.2,2,0.7657,0.7657,0.5132,2.150499197343973
fullbackbone,1UBI,0.2,3,0.8164,0.8164,0.5263,2.2623407333167083
fullbackbone,1UBI,0.2,4,0.817,0.817,0.5658,2.263698545059486
fullbackbone,1UBI,0.2,5,0.8882,0.8882,0.5658,2.4307503604617064
fullbackbone,1UBI,0.2,6,0.8571,0.8571,0.5263,2.356317455185871
fullbackbone,1UBI,0.2,7,0.7751,0.7751,0.5921,2.170809197249483
fullbackbone,1UBI,0.2,8,0.862,0.862,0.5921,2.367891744567051
fullbackbone,1UBI,0.3,1,0.8446,0.8446,0.5263,2.3270468096578028
fullbackbone,1UBI,0.3,2,0.8685,0.8685,0.5658,2.3833331711765666
fullbackbone,1UBI,0.3,3,0.8315,0.8315,0.5658,2.2967612996486375
fullbackbone,1UBI,0.3,4,0.8706,0.8706,0.5789,2.3883434297662864
fullbackbone,1UBI,0.3,5,0.9002,0.9002,0.5658,2.460095080974523
fullbackbone,1UBI,0.3,6,0.8071,0.8071,0.5,2.241398496837443
fullbackbone,1UBI,0.3,7,0.8776,0.8776,0.5526,2.4051204849615813
fullbackbone,1UBI,0.3,8,0.8955,0.8955,0.5789,2.4485597633250085
fullbackbone,1UBQ,0.1,1,0.7997,0.7997,0.5526,2.2248733663532474
fullbackbone,1UBQ,0.1,2,0.8311,0.8311,0.5526,2.2958427788451856
fullbackbone,1UBQ,0.1,3,0.7704,0.7704,0.5395,2.160630333090769
fullbackbone,1UBQ,0.1,4,0.8003,0.8003,0.5658,2.2262086909303727
fullbackbone,1UBQ,0.1,5,0.8584,0.8584,0.5658,2.359382659828948
fullbackbone,1UBQ,0.1,6,0.7791,0.7791,0.5263,2.1795098236905313
fullbackbone,1UBQ,0.1,7,0.7755,0.7755,0.5658,2.1716776946162764
fullbackbone,1UBQ,0.1,8,0.7985,0.7985,0.5132,2.222205119581876
fullbackbone,1UBQ,0.2,1,0.8093,0.8093,0.5658,2.2463350016947716
fullbackbone,1UBQ,0.2,2,0.8586,0.8586,0.5132,2.3598545835517126
fullbackbone,1UBQ,0.2,3,0.7837,0.7837,0.5526,2.189558663491602
fullbackbone,1UBQ,0.2,4,0.7847,0.7847,0.5395,2.191749317299443
fullbackbone,1UBQ,0.2,5,0.8328,0.8328,0.5789,2.29974903094275
fullbackbone,1UBQ,0.2,6,0.8453,0.8453,0.5658,2.328676312684084
fullbackbone,1UBQ,0.2,7,0.8176,0.8176,0.5263,2.2650571717337655
fullbackbone,1UBQ,0.2,8,0.8469,0.8469,0.5395,2.3324051770804046
fullbackbone,1UBQ,0.3,1,0.8659,0.8659,0.6053,2.3771445536205844
fullbackbone,1UBQ,0.3,2,0.88,0.88,0.4737,2.4108997064172097
fullbackbone,1UBQ,0.3,3,0.9069,0.9069,0.5263,2.476633058375575
fullbackbone,1UBQ,0.3,4,0.9,0.9,0.5658,2.45960311115695
fullbackbone,1UBQ,0.3,5,0.8433,0.8433,0.5,2.3240236143079915
fullbackbone,1UBQ,0.3,6,0.7792,0.7792,0.5526,2.1797277855708126
fullbackbone,1UBQ,0.3,7,0.8409,0.8409,0.5789,2.3184526454703223
fullbackbone,1UBQ,0.3,8,0.9325,0.9325,0.5789,2.540853377507491
fullbackbone,1VII,0.1,1,1.0489,1.0489,0.2222,2.8545094300784726
fullbackbone,1VII,0.1,2,0.9963,0.9963,0.2222,2.7082427694058855
fullbackbone,1VII,0.1,3,1.0849,1.0849,0.25,2.959143889554323
fullbackbone,1VII,0.1,4,1.0498,1.0498,0.2778,2.857079644988764
fullbackbone,1VII,0.1,5,1.078,1.078,0.2222,2.938796077398218
fullbackbone,1VII,0.1,6,1.0149,1.0149,0.2778,2.7590874748329006
fullbackbone,1VII,0.1,7,0.9805,0.9805,0.25,2.6657888031629287
fullbackbone,1VII,0.1,8,1.0206,1.0206,0.3056,2.7748591800975837
fullbackbone,1VII,0.2,1,1.0252,1.0252,0.1944,2.7876529354035893
fullbackbone,1VII,0.2,2,1.1601,1.1601,0.25,3.190252285393994
fullbackbone,1VII,0.2,3,1.0651,1.0651,0.25,2.901129082462718
fullbackbone,1VII,0.2,4,1.0254,1.0254,0.25,2.788210521747446
fullbackbone,1VII,0.2,5,0.9976,0.9976,0.1944,2.7117657744632444
fullbackbone,1VII,0.2,6,1.0619,1.0619,0.1944,2.891860307348374
fullbackbone,1VII,0.2,7,1.0461,1.0461,0.2222,2.846527982914827
fullbackbone,1VII,0.2,8,1.0218,1.0218,0.2222,2.77819100981171
fullbackbone,1VII,0.3,1,1.2353,1.2353,0.2222,3.4394101890038438
fullbackbone,1VII,0.3,2,1.1549,1.1549,0.25,3.1737060310554357
fullbackbone,1VII,0.3,3,1.278,1.278,0.1389,3.5894536346044714
fullbackbone,1VII,0.3,4,1.2157,1.2157,0.1944,3.37265409608138
fullbackbone,1VII,0.3,5,1.2221,1.2221,0.2778,3.3943083018417624
fullbackbone,1VII,0.3,6,1.0941,1.0941,0.1667,2.9864936292341926
fullbackbone,1VII,0.3,7,1.2119,1.2119,0.2222,3.359862330264078
fullbackbone,1VII,0.3,8,1.2006,1.2006,0.1944,3.3221095906307774
fullbackbone,2ACY,0.1,1,0.841,0.841,0.398,2.318684502327519
fullbackbone,2ACY,0.1,2,0.8708,0.8708,0.4592,2.388821146222293
fullbackbone,2ACY,0.1,3,0.8748,0.8748,0.4592,2.3983955668826122
fullbackbone,2ACY,0.1,4,0.8408,0.8408,0.3878,2.318220811797652
fullbackbone,2ACY,0.1,5,0.9063,0.9063,0.449,2.4751475242453544
fullbackbone,2ACY,0.1,6,0.8439,0.8439,0.4592,2.325418446884504
fullbackbone,2ACY,0.1,7,0.8455,0.8455,0.3673,2.3291420945232524
fullbackbone,2ACY,0.1,8,0.8424,0.8424,0.398,2.3219329340023727
fullbackbone,2ACY,0.2,1,0.8858,0.8858,0.398,2.4249235545605465
fullbackbone,2ACY,0.2,2,0.8474,0.8474,0.4898,2.33357167126819
fullbackbone,2ACY,0.2,3,0.9843,0.9843,0.3776,2.6759380720128116
fullbackbone,2ACY,0.2,4,0.8848,0.8848,0.4898,2.42249984306371
fullbackbone,2ACY,0.2,5,0.9053,0.9053,0.4184,2.47267361388245
fullbackbone,2ACY,0.2,6,0.8643,0.8643,0.4796,2.3733441634576713
fullbackbone,2ACY,0.2,7,0.9054,0.9054,0.4388,2.4729208936076184
fullbackbone,2ACY,0.2,8,0.876,0.876,0.3776,2.4012753690986246
fullbackbone,2ACY,0.3,1,0.8973,0.8973,0.4184,2.4529711399468814
fullbackbone,2ACY,0.3,2,0.8834,0.8834,0.4898,2.419110716225765
fullbackbone,2ACY,0.3,3,0.9163,0.9163,0.5408,2.5000231704219855
fullbackbone,2ACY,0.3,4,0.8736,0.8736,0.4388,2.3955192183566303
fullbackbone,2ACY,0.3,5,0.9692,0.9692,0.398,2.6358349477038363
fullbackbone,2ACY,0.3,6,0.9035,0.9035,0.4082,2.4682268047063585
fullbackbone,2ACY,0.3,7,0.9301,0.9301,0.3469,2.534762641208585
fullbackbone,2ACY,0.3,8,0.9218,0.9218,0.4184,2.5138111801287426
fullbackbone,2CI2,0.1,1,0.857,0.857,0.5846,2.356081835221547
fullbackbone,2CI2,0.1,2,0.8212,0.8212,0.6308,2.2732260727514277
fullbackbone,2CI2,0.1,3,0.8132,0.8132,0.5846,2.2551128138091303
fullbackbone,2CI2,0.1,4,0.832,0.832,0.5846,2.2979099674414796
fullbackbone,2CI2,0.1,5,0.8186,0.8186,0.6,2.2673233618116893
fullbackbone,2CI2,0.1,6,0.8227,0.8227,0.5538,2.2766384705190563
fullbackbone,2CI2,0.1,7,0.8289,0.8289,0.5846,2.2907974765991352
fullbackbone,2CI2,0.1,8,0.8432,0.8432,0.5846,2.323791223566291
fullbackbone,2CI2,0.2,1,0.8496,0.8496,0.5385,2.338711180332015
fullbackbone,2CI2,0.2,2,0.8704,0.8704,0.6,2.3878658088440177
fullbackbone,2CI2,0.2,3,0.8321,0.8321,0.6,2.2981397699281563
fullbackbone,2CI2,0.2,4,0.8943,0.8943,0.4923,2.4456232538670744
fullbackbone,2CI2,0.2,5,0.8988,0.8988,0.5385,2.4566533576296483
fullbackbone,2CI2,0.2,6,0.8127,0.8127,0.6462,2.253985539244352
fullbackbone,2CI2,0.2,7,0.8421,0.8421,0.5077,2.321236458598706
fullbackbone,2CI2,0.2,8,0.8398,0.8398,0.6308,2.3159037497099866
fullbackbone,2CI2,0.3,1,0.9351,0.9351,0.5846,2.5474681918212734
fullbackbone,2CI2,0.3,2,0.9096,0.9096,0.6,2.4833290030907684
fullbackbone,2CI2,0.3,3,0.9374,0.9374,0.5385,2.5533341118846424
fullbackbone,2CI2,0.3,4,0.8215,0.8215,0.5385,2.273908142878657
fullbackbone,2CI2,0.3,5,0.9135,0.9135,0.5692,2.4930328964952797
fullbackbone,2CI2,0.3,6,0.9161,0.9161,0.5846,2.499523215785031
fullbackbone,2CI2,0.3,7,0.8778,0.8778,0.5538,2.40560155716419
fullbackbone,2CI2,0.3,8,0.8922,0.8922,0.5385,2.4404928338603895
fullbackbone,2CRO,0.1,1,0.8914,0.8914,0.4769,2.4385412203427945
fullbackbone,2CRO,0.1,2,0.8569,0.8569,0.4923,2.3558462388180414
fullbackbone,2CRO,0.1,3,0.857,0.857,0.4615,2.356081835221547
fullbackbone,2CRO,0.1,4,0.8533,0.8533,0.5077,2.347380439939339
fullbackbone,2CRO,0.1,5,0.8423,0.8423,0.4769,2.3217007523182502
fullbackbone,2CRO,0.1,6,0.8697,0.8697,0.4615,2.3861948876684678
fullbackbone,2CRO,0.1,7,0.8742,0.8742,0.5077,2.3969569611673553
fullbackbone,2CRO,0.1,8,0.8413,0.8413,0.5077,2.3193802120294547
fullbackbone,2CRO,0.2,1,0.8523,0.8523,0.4308,2.345034232798487
fullbackbone,2CRO,0.2,2,0.8549,0.8549,0.4769,2.3511392548933245
fullbackbone,2CRO,0.2,3,0.8322,0.8322,0.4615,2.2983695953962315
fullbackbone,2CRO,0.2,4,0.8559,0.8559,0.4769,2.3534915701098
fullbackbone,2CRO,0.2,5,0.8882,0.8882,0.5231,2.4307503604617064
fullbackbone,2CRO,0.2,6,0.9316,0.9316,0.4769,2.5385676382047078
fullbackbone,2CRO,0.2,7,0.8343,0.8343,0.4923,2.303201243000918
fullbackbone,2CRO,0.2,8,0.9039,0.9039,0.4923,2.469214292912716
fullbackbone,2CRO,0.3,1,0.9684,0.9684,0.4923,2.6337271229879775
fullbackbone,2CRO,0.3,2,0.8753,0.8753,0.4923,2.3995950645154718
fullbackbone,2CRO,0.3,3,0.8984,0.8984,0.4923,2.455670892792663
fullbackbone,2CRO,0.3,4,0.8632,0.8632,0.4462,2.370734920224745
fullbackbone,2CRO,0.3,5,0.9278,0.9278,0.4769,2.5289393864438687
fullbackbone,2CRO,0.3,6,1.0752,1.0752,0.4308,2.930578957717573
fullbackbone,2CRO,0.3,7,0.9775,0.9775,0.5077,2.657803420815996
fullbackbone,2CRO,0.3,8,0.944,0.944,0.4615,2.570241851187732
fullbackbone,2GB1,0.1,1,1.0277,1.0277,0.3214,2.7946307864215743
fullbackbone,2GB1,0.1,2,1.027,1.027,0.2857,2.7926752293958894
fullbackbone,2GB1,0.1,3,0.9837,0.9837,0.2857,2.674332990742138
fullbackbone,2GB1,0.1,4,1.0297,1.0297,0.375,2.8002256409840283
fullbackbone,2GB1,0.1,5,1.063,1.063,0.3036,2.8950431039036304
fullbackbone,2GB1,0.1,6,0.9661,0.9661,0.3036,2.627676511475655
fullbackbone,2GB1,0.1,7,1.0201,1.0201,0.2679,2.7734720973071303
fullbackbone,2GB1,0.1,8,1.0274,1.0274,0.3036,2.793792522931458
fullbackbone,2GB1,0.2,1,0.959,0.959,0.3571,2.609086082362757
fullbackbone,2GB1,0.2,2,0.9844,0.9844,0.3036,2.67620567920015
fullbackbone,2GB1,0.2,3,0.9737,0.9737,0.2857,2.647722932874169
fullbackbone,2GB1,0.2,4,1.014,1.014,0.3036,2.756605413200825
fullbackbone,2GB1,0.2,5,1.018,1.018,0.3571,2.7676539171301524
fullbackbone,2GB1,0.2,6,1.0329,1.0329,0.3214,2.8092007154956664
fullbackbone,2GB1,0.2,7,0.941,0.941,0.2321,2.56254268016508
fullbackbone,2GB1,0.2,8,1.0602,1.0602,0.375,2.8869483211970803
fullbackbone,2GB1,0.3,1,0.9907,0.9907,0.2679,2.6931189959862283
fullbackbone,2GB1,0.3,2,1.1503,1.1503,0.3393,3.1591405096955687
fullbackbone,2GB1,0.3,3,1.1275,1.1275,0.2679,3.087927024744393
fullbackbone,2GB1,0.3,4,0.9852,0.9852,0.4107,2.678347500357742
fullbackbone,2GB1,0.3,5,1.2126,1.2126,0.2857,3.3622150572536396
fullbackbone,2GB1,0.3,6,1.1089,1.1089,0.3393,3.031022435315688
fullbackbone,2GB1,0.3,7,1.0703,1.0703,0.3393,2.9162542450321873
fullbackbone,2GB1,0.3,8,1.1704,1.1704,0.1964,3.223281693377694
fullbackbone,2LZM,0.1,1,0.7583,0.7583,0.628,2.1346442389809646
fullbackbone,2LZM,0.1,2,0.7988,0.7988,0.6341,2.2228718811269816
fullbackbone,2LZM,0.1,3,0.7911,0.7911,0.6768,2.2058214958685776
fullbackbone,2LZM,0.1,4,0.7803,0.7803,0.628,2.18212680535392
fullbackbone,2LZM,0.1,5,0.7627,0.7627,0.6159,2.1440573673283363
fullbackbone,2LZM,0.1,6,0.7866,0.7866,0.6402,2.1959175996165547
fullbackbone,2LZM,0.1,7,0.7749,0.7749,0.6524,2.170375078823323
fullbackbone,2LZM,0.1,8,0.7784,0.7784,0.5976,2.1779847006692807
fullbackbone,2LZM,0.2,1,0.8012,0.8012,0.6341,2.228213180637275
fullbackbone,2LZM,0.2,2,0.8404,0.8404,0.6098,2.317293708905873
fullbackbone,2LZM,0.2,3,0.8316,0.8316,0.5854,2.2969909872627916
fullbackbone,2LZM,0.2,4,0.814,0.814,0.6098,2.2569176258887524
fullbackbone,2LZM,0.2,5,0.8168,0.8168,0.5976,2.2632458506214275
fullbackbone,2LZM,0.2,6,0.7908,0.7908,0.5976,2.2051598486718587
fullbackbone,2LZM,0.2,7,0.8578,0.8578,0.6098,2.357967454837004
fullbackbone,2LZM,0.2,8,0.8277,0.8277,0.5854,2.2880501683418477
fullbackbone,2LZM,0.3,1,0.8275,0.8275,0.5793,2.2875926040661323
fullbackbone,2LZM,0.3,2,0.8781,0.8781,0.5915,2.4063233458942355
fullbackbone,2LZM,0.3,3,0.8729,0.8729,0.5366,2.393842941669069
fullbackbone,2LZM,0.3,4,0.8551,0.8551,0.5732,2.351609529770223
fullbackbone,2LZM,0.3,5,0.8217,0.8217,0.6037,2.2743629699884274
fullbackbone,2LZM,0.3,6,0.8682,0.8682,0.561,2.382618278464482
fullbackbone,2LZM,0.3,7,0.9294,0.9294,0.6098,2.5329889282317075
fullbackbone,2LZM,0.3,8,0.9105,0.9105,0.6098,2.485565005243589
fullbackbone,2PCY,0.1,1,0.7125,0.7125,0.5657,2.0390825983162153
fullbackbone,2PCY,0.1,2,0.7223,0.7223,0.5758,2.0591638451726557
fullbackbone,2PCY,0.1,3,0.7263,0.7263,0.5051,2.067416995850504
fullbackbone,2PCY,0.1,4,0.7211,0.7211,0.5152,2.0566943305635554
fullbackbone,2PCY,0.1,5,0.7031,0.7031,0.5556,2.020005026951766
fullbackbone,2PCY,0.1,6,0.7444,0.7444,0.5455,2.105177949203376
fullbackbone,2PCY,0.1,7,0.7295,0.7295,0.5657,2.074043326712136
fullbackbone,2PCY,0.1,8,0.7208,0.7208,0.5253,2.056077414806377
fullbackbone,2PCY,0.2,1,0.7124,0.7124,0.5051,2.038878700251457
fullbackbone,2PCY,0.2,2,0.6901,0.6901,0.5354,1.9939149147653168
fullbackbone,2PCY,0.2,3,0.7694,0.7694,0.5253,2.1584707827128295
fullbackbone,2PCY,0.2,4,0.7019,0.7019,0.5455,2.0175824747414564
fullbackbone,2PCY,0.2,5,0.7276,0.7276,0.5253,2.0701063856697366
fullbackbone,2PCY,0.2,6,0.7465,0.7465,0.5556,2.1096034680651305
fullbackbone,2PCY,0.2,7,0.7111,0.7111,0.5455,2.0362298800473044
fullbackbone,2PCY,0.2,8,0.7556,0.7556,0.4949,2.128888473315991
fullbackbone,2PCY,0.3,1,0.788,0.788,0.5354,2.198994037259884
fullbackbone,2PCY,0.3,2,0.8617,0.8617,0.5455,2.367181483588155
fullbackbone,2PCY,0.3,3,0.8363,0.8363,0.5253,2.307812254961877
fullbackbone,2PCY,0.3,4,0.7554,0.7554,0.5758,2.1284627381962586
fullbackbone,2PCY,0.3,5,0.7752,0.7752,0.5556,2.171026289023616
fullbackbone,2PCY,0.3,6,0.8617,0.8617,0.4848,2.367181483588155
fullbackbone,2PCY,0.3,7,0.8144,0.8144,0.5051,2.2578205735165944
fullbackbone,2PCY,0.3,8,0.8181,0.8181,0.5758,2.2661899834989736
fullbackbone,2PTL,0.1,1,1.1707,1.1707,0.2051,3.224248822947889
fullbackbone,2PTL,0.1,2,1.2805,1.2805,0.2179,3.5984384950869712
fullbackbone,2PTL,0.1,3,1.1233,1.1233,0.1923,3.0749849286671047
fullbackbone,2PTL,0.1,4,1.1408,1.1408,0.2179,3.1292707807110527
fullbackbone,2PTL,0.1,5,1.248,1.248,0.1667,3.483369247581368
fullbackbone,2PTL,0.1,6,1.2563,1.2563,0.2051,3.512401529637525
fullbackbone,2PTL,0.1,7,1.1499,1.1499,0.2051,3.1578771061892366
fullbackbone,2PTL,0.1,8,1.1216,1.1216,0.2051,3.0697618951247616
fullbackbone,2PTL,0.2,1,1.2146,1.2146,0.2051,3.368946216283457
fullbackbone,2PTL,0.2,2,1.2266,1.2266,0.1923,3.4096171081807105
fullbackbone,2PTL,0.2,3,1.2076,1.2076,0.2179,3.3454459396969103
fullbackbone,2PTL,0.2,4,1.3634,1.3634,0.1667,3.909462904562975
fullbackbone,2PTL,0.2,5,1.2173,1.2173,0.2436,3.378054661935673
fullbackbone,2PTL,0.2,6,1.2771,1.2771,0.1667,3.586224579626028
fullbackbone,2PTL,0.2,7,1.297,1.297,0.1795,3.658305272951932
fullbackbone,2PTL,0.2,8,1.1406,1.1406,0.1923,3.128644989136154
fullbackbone,2PTL,0.3,1,1.3533,1.3533,0.1923,3.8701760617534124
fullbackbone,2PTL,0.3,2,1.2871,1.2871,0.1923,3.6222667358526204
fullbackbone,2PTL,0.3,3,1.4796,1.4796,0.1923,4.391188854035191
fullbackbone,2PTL,0.3,4,1.3568,1.3568,0.1538,3.8837454104777764
fullbackbone,2PTL,0.3,5,1.3017,1.3017,0.2179,3.675539777093702
fullbackbone,2PTL,0.3,6,1.3504,1.3504,0.2179,3.8589688095444457
fullbackbone,2PTL,0.3,7,1.3543,1.3543,0.2308,3.874048173548388
fullbackbone,2PTL,0.3,8,1.3762,1.3762,0.2179,3.9598256637827265
fullbackbone,3CHY,0.1,1,0.774,0.774,0.4844,2.168422619990648
fullbackbone,3CHY,0.1,2,0.857,0.857,0.4609,2.356081835221547
fullbackbone,3CHY,0.1,3,0.8233,0.8233,0.4766,2.2780048634782637
fullbackbone,3CHY,0.1,4,0.7831,0.7831,0.4766,2.1882453223352543
fullbackbone,3CHY,0.1,5,0.8268,0.8268,0.4844,2.285991849572723
fullbackbone,3CHY,0.1,6,0.7783,0.7783,0.4922,2.1777669130887745
fullbackbone,3CHY,0.1,7,0.7909,0.7909,0.4688,2.2053803756828927
fullbackbone,3CHY,0.1,8,0.7976,0.7976,0.4766,2.2202060346973886
fullbackbone,3CHY,0.2,1,0.8304,0.8304,0.4453,2.2942362512502523
fullbackbone,3CHY,0.2,2,0.8487,0.8487,0.5625,2.3366072871636545
fullbackbone,3CHY,0.2,3,0.8496,0.8496,0.4453,2.338711180332015
fullbackbone,3CHY,0.2,4,0.8184,0.8184,0.4219,2.266869942482771
fullbackbone,3CHY,0.2,5,0.8211,0.8211,0.4609,2.2729987615099043
fullbackbone,3CHY,0.2,6,0.855,0.855,0.5156,2.351374380574902
fullbackbone,3CHY,0.2,7,0.7697,0.7697,0.4531,2.159118421088543
fullbackbone,3CHY,0.2,8,0.8533,0.8533,0.4453,2.347380439939339
fullbackbone,3CHY,0.3,1,0.8993,0.8993,0.5,2.4578819914413192
fullbackbone,3CHY,0.3,2,0.852,0.852,0.4922,2.344330828044636
fullbackbone,3CHY,0.3,3,0.9119,0.9119,0.4844,2.489047233241765
fullbackbone,3CHY,0.3,4,0.852,0.852,0.5391,2.344330828044636
fullbackbone,3CHY,0.3,5,0.9157,0.9157,0.4062,2.4985236064339156
fullbackbone,3CHY,0.3,6,0.8513,0.8513,0.4609,2.342690370692064
fullbackbone,3CHY,0.3,7,0.8181,0.8181,0.4609,2.2661899834989736
fullbackbone,3CHY,0.3,8,0.8212,0.8212,0.4141,2.2732260727514277
fullbackbone,3PGK,0.1,1,1.1825,1.1825,0.1952,3.2625203167965116
fullbackbone,3PGK,0.1,2,1.1809,1.1809,0.2096,3.2573044580893193
fullbackbone,3PGK,0.1,3,1.1419,1.1419,0.2072,3.132714872473024
fullbackbone,3PGK,0.1,4,1.1603,1.1603,0.2096,3.1908903996603732
fullbackbone,3PGK,0.1,5,1.1763,1.1763,0.2048,3.2423552670818228
fullbackbone,3PGK,0.1,6,1.2102,1.2102,0.1855,3.3541554165536978
fullbackbone,3PGK,0.1,7,1.1655,1.1655,0.2169,3.2075262454515747
fullbackbone,3PGK,0.1,8,1.1376,1.1376,0.1976,3.1192731190028464
fullbackbone,3PGK,0.2,1,1.2193,1.2193,0.2289,3.384817531875194
fullbackbone,3PGK,0.2,2,1.1833,1.1833,0.212,3.2651313773349075
fullbackbone,3PGK,0.2,3,1.2287,1.2287,0.2169,3.4167848275791215
fullbackbone,3PGK,0.2,4,1.1651,1.1651,0.212,3.206243491521284
fullbackbone,3PGK,0.2,5,1.2293,1.2293,0.2024,3.4188355136199613
fullbackbone,3PGK,0.2,6,1.2532,1.2532,0.188,3.5015299445588473
fullbackbone,3PGK,0.2,7,1.1918,1.1918,0.2145,3.293003281824445
fullbackbone,3PGK,0.2,8,1.1998,1.1998,0.2169,3.319452965749912
fullbackbone,3PGK,0.3,1,1.3044,1.3044,0.2024,3.6854771439000933
fullbackbone,3PGK,0.3,2,1.3113,1.3113,0.2386,3.710994871110377
fullbackbone,3PGK,0.3,3,1.3167,1.3167,0.2217,3.7310884472425636
fullbackbone,3PGK,0.3,4,1.335,1.335,0.1928,3.7999959464192696
fullbackbone,3PGK,0.3,5,1.2905,1.2905,0.2193,3.6346034032046974
fullbackbone,3PGK,0.3,6,1.2837,1.2837,0.2072,3.6099719419443486
fullbackbone,3PGK,0.3,7,1.3182,1.3182,0.2337,3.7366892794874556
fullbackbone,3PGK,0.3,8,1.3487,1.3487,0.2193,3.85241413561964
fullbackbone,4HHB,0.1,1,0.7644,0.7644,0.5017,2.147705364772062
fullbackbone,4HHB,0.1,2,0.7481,0.7481,0.5174,2.1129815353472057
fullbackbone,4HHB,0.1,3,0.7623,0.7623,0.5052,2.1431999158831267
fullbackbone,4HHB,0.1,4,0.7706,0.7706,0.4983,2.1610625023728747
fullbackbone,4HHB,0.1,5,0.7708,0.7708,0.5122,2.161494758097481
fullbackbone,4HHB,0.1,6,0.768,0.768,0.4861,2.155451037931604
fullbackbone,4HHB,0.1,7,0.7371,0.7371,0.4808,2.089866106397714
fullbackbone,4HHB,0.1,8,0.7702,0.7702,0.5035,2.160198250233877
fullbackbone,4HHB,0.2,1,0.7678,0.7678,0.4756,2.1550199908301644
fullbackbone,4HHB,0.2,2,0.7925,0.7925,0.5017,2.208911808677008
fullbackbone,4HHB,0.2,3,0.8156,0.8156,0.4948,2.260531584486075
fullbackbone,4HHB,0.2,4,0.8016,0.8016,0.4983,2.2291046441903544
fullbackbone,4HHB,0.2,5,0.7864,0.7864,0.5105,2.195478460012056
fullbackbone,4HHB,0.2,6,0.7828,0.7828,0.5139,2.187588947199747
fullbackbone,4HHB,0.2,7,0.7843,0.7843,0.4826,2.1908727928890923
fullbackbone,4HHB,0.2,8,0.7999,0.7999,0.4913,2.2253183855269523
fullbackbone,4HHB,0.3,1,0.8166,0.8166,0.4721,2.2627932467132026
fullbackbone,4HHB,0.3,2,0.824,0.824,0.5209,2.2796000251241386
fullbackbone,4HHB,0.3,3,0.7979,0.7979,0.4843,2.2208721964270612
fullbackbone,4HHB,0.3,4,0.8159,0.8159,0.4826,2.261209845695515
fullbackbone,4HHB,0.3,5,0.8475,0.8475,0.4739,2.333805040103564
fullbackbone,4HHB,0.3,6,0.8206,0.8206,0.507,2.271862546206646
fullbackbone,4HHB,0.3,7,0.8405,0.8405,0.4791,2.317525449863618
fullbackbone,4HHB,0.3,8,0.8466,0.8466,0.493,2.3317055604750188
ca_only,1AKI,0.1,1,0.8824,0.8824,0.4186,2.416692814661813
ca_only,1AKI,0.1,2,0.8155,0.8155,0.3953,2.2603055426299075
ca_only,1AKI,0.1,3,0.8441,0.8441,0.4341,2.3258835770853508
ca_only,1AKI,0.1,4,0.8727,0.8727,0.4264,2.393364220954403
ca_only,1AKI,0.1,5,0.8103,0.8103,0.4186,2.2485824602384503
ca_only,1AKI,0.1,6,0.8725,0.8725,0.4651,2.392885595974305
ca_only,1AKI,0.1,7,0.8444,0.8444,0.4109,2.3265814468337047
ca_only,1AKI,0.1,8,0.8698,0.8698,0.4419,2.3864335190886066
ca_only,1AKI,0.2,1,0.8991,0.8991,0.3953,2.457390464197394
ca_only,1AKI,0.2,2,0.8656,0.8656,0.3721,2.3764315172153068
ca_only,1AKI,0.2,3,0.9327,0.9327,0.3953,2.541361599003448
ca_only,1AKI,0.2,4,0.9091,0.9091,0.4264,2.482087648953619
ca_only,1AKI,0.2,5,0.9103,0.9103,0.4186,2.4850679419505264
ca_only,1AKI,0.2,6,0.8849,0.8849,0.3953,2.4227421051609195
ca_only,1AKI,0.2,7,0.8813,0.8813,0.4419,2.414035914128882
ca_only,1AKI,0.2,8,0.8897,0.8897,0.4341,2.4343992219643646
ca_only,1AKI,0.3,1,0.9272,0.9272,0.4109,2.527422477930064
ca_only,1AKI,0.3,2,0.9219,0.9219,0.3798,2.514062573816231
ca_only,1AKI,0.3,3,0.9385,0.9385,0.4574,2.5561443247414233
ca_only,1AKI,0.3,4,0.9858,0.9858,0.4341,2.679954991056942
ca_only,1AKI,0.3,5,0.9755,0.9755,0.4496,2.652493126039239
ca_only,1AKI,0.3,6,1.0141,1.0141,0.4186,2.7568810875256315
ca_only,1AKI,0.3,7,0.8864,0.8864,0.4031,2.426378945266833
ca_only,1AKI,0.3,8,0.9743,0.9743,0.4341,2.649312043319354
ca_only,1BPI,0.1,1,1.0825,1.0825,0.3621,2.952050459740016
ca_only,1BPI,0.1,2,1.0378,1.0378,0.431,2.8229995786070043
ca_only,1BPI,0.1,3,0.9834,0.9834,0.4138,2.673530811177866
ca_only,1BPI,0.1,4,1.1114,1.1114,0.3793,3.038609471247311
ca_only,1BPI,0.1,5,1.0523,1.0523,0.3621,2.86423127992009
ca_only,1BPI,0.1,6,0.9803,0.9803,0.3966,2.6652556987145175
ca_only,1BPI,0.1,7,1.0533,1.0533,0.3966,2.867096943793141
ca_only,1BPI,0.1,8,1.0421,1.0421,0.3448,2.8351646128744044
ca_only,1BPI,0.2,1,1.1387,1.1387,0.3793,3.1227062072861362
ca_only,1BPI,0.2,2,1.1005,1.1005,0.431,3.005668482541754
ca_only,1BPI,0.2,3,1.0827,1.0827,0.3276,2.9526409288769098
ca_only,1BPI,0.2,4,1.0893,1.0893,0.3448,2.972192809239419
ca_only,1BPI,0.2,5,1.0993,1.0993,0.3621,3.002063843578638
ca_only,1BPI,0.2,6,1.0045,1.0045,0.3966,2.7305416606210153
ca_only,1BPI,0.2,7,0.9882,0.9882,0.4483,2.6863946074841754
ca_only,1BPI,0.2,8,1.0599,1.0599,0.3793,2.8860823666004056
ca_only,1BPI,0.3,1,1.1658,1.1658,0.3966,3.208488647678326
ca_only,1BPI,0.3,2,1.1006,1.1006,0.3621,3.0059690644188515
ca_only,1BPI,0.3,3,1.1717,1.1717,0.4655,3.2274746844327575
ca_only,1BPI,0.3,4,1.1917,1.1917,0.4483,3.2926739979607302
ca_only,1BPI,0.3,5,1.162,1.162,0.3621,3.196319526790341
ca_only,1BPI,0.3,6,1.1033,1.1033,0.3448,3.0140961475177632
ca_only,1BPI,0.3,7,1.1554,1.1554,0.3448,3.1752932808503442
ca_only,1BPI,0.3,8,1.1211,1.1211,0.4483,3.0682273978334913
ca_only,1CRN,0.1,1,1.0563,1.0563,0.3478,2.8757111494723864
ca_only,1CRN,0.1,2,1.0042,1.0042,0.3478,2.7297226209849175
ca_only,1CRN,0.1,3,1.1692,1.1692,0.3913,3.2194160751804333
ca_only,1CRN,0.1,4,0.9834,0.9834,0.3478,2.673530811177866
ca_only,1CRN,0.1,5,0.9469,0.9469,0.3478,2.577706370878344
ca_only,1CRN,0.1,6,0.9999,0.9999,0.3913,2.7180100138671555
ca_only,1CRN,0.1,7,1.0744,1.0744,0.3478,2.9282354320866397
ca_only,1CRN,0.1,8,1.0241,1.0241,0.3913,2.784588203086447
ca_only,1CRN,0.2,1,1.0776,1.0776,0.4565,2.9376207940396
ca_only,1CRN,0.2,2,0.9739,0.9739,0.3696,2.6482525304187328
ca_only,1CRN,0.2,3,1.0594,1.0594,0.3913,2.8846396861172816
ca_only,1CRN,0.2,4,1.0538,1.0538,0.3478,2.868530850711895
ca_only,1CRN,0.2,5,1.0248,1.0248,0.3913,2.7865380972119307
ca_only,1CRN,0.2,6,1.014,1.014,0.3913,2.756605413200825
ca_only,1CRN,0.2,7,0.9966,0.9966,0.3478,2.7090553641198203
ca_only,1CRN,0.2,8,1.0597,1.0597,0.3696,2.885505207844885
ca_only,1CRN,0.3,1,0.9633,0.9633,0.3913,2.620329308128382
ca_only,1CRN,0.3,2,1.0441,1.0441,0.3478,2.8408406162114894
ca_only,1CRN,0.3,3,1.0551,1.0551,0.413,2.8722623657770905
ca_only,1CRN,0.3,4,1.212,1.212,0.2826,3.3601983332969763
ca_only,1CRN,0.3,5,1.0109,1.0109,0.3913,2.748073168232508
ca_only,1CRN,0.3,6,1.0809,1.0809,0.3478,2.94733095561456
ca_only,1CRN,0.3,7,1.033,1.033,0.3261,2.8094816496136876
ca_only,1CRN,0.3,8,1.2004,1.2004,0.413,3.3214452351504136
ca_only,1CSP,0.1,1,0.9832,0.9832,0.4925,2.672996158482682
ca_only,1CSP,0.1,2,0.9422,0.9422,0.5224,2.5656195771502417
ca_only,1CSP,0.1,3,0.8981,0.8981,0.4478,2.454934302018966
ca_only,1CSP,0.1,4,0.9274,0.9274,0.5373,2.52792801297747
ca_only,1CSP,0.1,5,0.9069,0.9069,0.4776,2.476633058375575
ca_only,1CSP,0.1,6,0.9537,0.9537,0.4627,2.5952945060871313
ca_only,1CSP,0.1,7,0.9443,0.9443,0.4179,2.5710130394155386
ca_only,1CSP,0.1,8,0.9272,0.9272,0.5224,2.527422477930064
ca_only,1CSP,0.2,1,1.0528,1.0528,0.4478,2.865663753648639
ca_only,1CSP,0.2,2,0.9671,0.9671,0.5075,2.630305502263442
ca_only,1CSP,0.2,3,0.9421,0.9421,0.4627,2.5653630280201973
ca_only,1CSP,0.2,4,0.9909,0.9909,0.5672,2.6936576736513964
ca_only,1CSP,0.2,5,1.0549,1.0549,0.4478,2.871687970745353
ca_only,1CSP,0.2,6,0.9559,0.9559,0.3433,2.601010439221545
ca_only,1CSP,0.2,7,1.0255,1.0255,0.4179,2.788489356741138
ca_only,1CSP,0.2,8,1.0254,1.0254,0.4627,2.788210521747446
ca_only,1CSP,0.3,1,1.1767,1.1767,0.4328,3.243652468611666
ca_only,1CSP,0.3,2,1.0279,1.0279,0.5075,2.7951897684752005
ca_only,1CSP,0.3,3,1.0042,1.0042,0.4925,2.7297226209849175
ca_only,1CSP,0.3,4,1.0017,1.0017,0.4925,2.722906837711434
ca_only,1CSP,0.3,5,1.0919,1.0919,0.403,2.979930565267343
ca_only,1CSP,0.3,6,1.0443,1.0443,0.4478,2.841408841155332
ca_only,1CSP,0.3,7,0.9999,0.9999,0.5373,2.7180100138671555
ca_only,1CSP,0.3,8,1.1579,1.1579,0.403,3.1832414451181363
ca_only,1ENH,0.1,1,1.0247,1.0247,0.3519,2.7862594573344355
ca_only,1ENH,0.1,2,1.0654,1.0654,0.4259,2.9019995517513215
ca_only,1ENH,0.1,3,1.0617,1.0617,0.4259,2.891281993120255
ca_only,1ENH,0.1,4,1.1058,1.1058,0.4444,3.0216408147911356
ca_only,1ENH,0.1,5,1.083,1.083,0.4259,2.9535268540377024
ca_only,1ENH,0.1,6,1.0015,1.0015,0.463,2.722362310798398
ca_only,1ENH,0.1,7,1.1333,1.1333,0.3704,3.1058890409815074
ca_only,1ENH,0.1,8,1.0375,1.0375,0.3704,2.822152805755701
ca_only,1ENH,0.2,1,1.0028,1.0028,0.3704,2.7259036831957504
ca_only,1ENH,0.2,2,1.0389,1.0389,0.4074,2.8261065866846242
ca_only,1ENH,0.2,3,0.9893,0.9893,0.3519,2.6893512674172415
ca_only,1ENH,0.2,4,1.0599,1.0599,0.4074,2.8860823666004056
ca_only,1ENH,0.2,5,1.0857,1.0857,0.4259,2.961512151844576
ca_only,1ENH,0.2,6,1.2422,1.2422,0.3519,3.4632241831056745
ca_only,1ENH,0.2,7,1.0725,1.0725,0.3519,2.9226770668847584
ca_only,1ENH,0.2,8,1.0398,1.0398,0.4259,2.8286512275292575
ca_only,1ENH,0.3,1,1.171,1.171,0.4259,3.2252162427004807
ca_only,1ENH,0.3,2,1.2282,1.2282,0.3148,3.4150768621922616
ca_only,1ENH,0.3,3,1.1422,1.1422,0.4815,3.1336548279210343
ca_only,1ENH,0.3,4,1.1925,1.1925,0.3889,3.295309191095809
ca_only,1ENH,0.3,5,1.1696,1.1696,0.4444,3.220704099198135
ca_only,1ENH,0.3,6,1.1522,1.1522,0.4259,3.1651485825257497
ca_only,1ENH,0.3,7,1.1181,1.1181,0.4259,3.059036508866607
ca_only,1ENH,0.3,8,1.0827,1.0827,0.4444,2.9526409288769098
ca_only,1FKB,0.1,1,0.8465,0.8465,0.5794,2.3314724015771104
ca_only,1FKB,0.1,2,0.828,0.828,0.5421,2.288736686364905
ca_only,1FKB,0.1,3,0.8269,0.8269,0.5607,2.2862204601880203
ca_only,1FKB,0.1,4,0.8144,0.8144,0.5047,2.2578205735165944
ca_only,1FKB,0.1,5,0.8176,0.8176,0.514,2.2650571717337655
ca_only,1FKB,0.1,6,0.8348,0.8348,0.5421,2.304353131570563
ca_only,1FKB,0.1,7,0.865,0.865,0.5234,2.375006085977112
ca_only,1FKB,0.1,8,0.8209,0.8209,0.5514,2.2725442072145468
ca_only,1FKB,0.2,1,0.8336,0.8336,0.5234,2.3015895662834787
ca_only,1FKB,0.2,2,0.8634,0.8634,0.5234,2.3712091146266494
ca_only,1FKB,0.2,3,0.8553,0.8553,0.5888,2.3520798987115032
ca_only,1FKB,0.2,4,0.8889,0.8889,0.5234,2.4324524813868504
ca_only,1FKB,0.2,5,0.8968,0.8968,0.5047,2.4517449609472033
ca_only,1FKB,0.2,6,0.83,0.83,0.4953,2.2933187402641826
ca_only,1FKB,0.2,7,0.8699,0.8699,0.5421,2.3866721743730808
ca_only,1FKB,0.2,8,0.8245,0.8245,0.5234,2.2807401101342015
ca_only,1FKB,0.3,1,0.9063,0.9063,0.514,2.4751475242453544
ca_only,1FKB,0.3,2,0.8932,0.8932,0.5234,2.4429345473475177
ca_only,1FKB,0.3,3,0.898,0.898,0.4673,2.4546888208630264
ca_only,1FKB,0.3,4,0.9037,0.9037,0.4953,2.468720499435127
ca_only,1FKB,0.3,5,0.8799,0.8799,0.514,2.410658628500665
ca_only,1FKB,0.3,6,0.92,0.92,0.5514,2.509290389936298
ca_only,1FKB,0.3,7,0.8552,0.8552,0.5701,2.35184470248164
ca_only,1FKB,0.3,8,0.9126,0.9126,0.4953,2.4907901762639213
ca_only,1HEL,0.1,1,0.9095,0.9095,0.4419,2.4830806826066905
ca_only,1HEL,0.1,2,0.8841,0.8841,0.3953,2.420804686547565
ca_only,1HEL,0.1,3,0.8557,0.8557,0.4574,2.3530209188624713
ca_only,1HEL,0.1,4,0.9115,0.9115,0.3953,2.4880518134456993
ca_only,1HEL,0.1,5,0.874,0.874,0.3798,2.3964776177110654
ca_only,1HEL,0.1,6,0.8655,0.8655,0.4186,2.3761938859453466
ca_only,1HEL,0.1,7,0.904,0.904,0.4651,2.46946122668849
ca_only,1HEL,0.1,8,0.8626,0.8626,0.5039,2.3693129059195623
ca_only,1HEL,0.2,1,0.8971,0.8971,0.4186,2.4524805947750443
ca_only,1HEL,0.2,2,0.9044,0.9044,0.4341,2.4704492087624073
ca_only,1HEL,0.2,3,0.9008,0.9008,0.4186,2.461571580928799
ca_only,1HEL,0.2,4,0.9497,0.9497,0.4186,2.5849340627633515
ca_only,1HEL,0.2,5,0.8885,0.8885,0.4341,2.4314796949645503
ca_only,1HEL,0.2,6,0.922,0.922,0.3721,2.514313992644344
ca_only,1HEL,0.2,7,0.9354,0.9354,0.4574,2.5482325469263527
ca_only,1HEL,0.2,8,0.8615,0.8615,0.4186,2.366708094631911
ca_only,1HEL,0.3,1,0.9817,0.9817,0.4806,2.66898966986264
ca_only,1HEL,0.3,2,0.9358,0.9358,0.4264,2.549252043830911
ca_only,1HEL,0.3,3,0.8944,0.8944,0.4341,2.445867828420985
ca_only,1HEL,0.3,4,0.9138,0.9138,0.4341,2.493780918561928
ca_only,1HEL,0.3,5,0.9272,0.9272,0.4031,2.527422477930064
ca_only,1HEL,0.3,6,0.9779,0.9779,0.4419,2.6588667548369487
ca_only,1HEL,0.3,7,0.9637,0.9637,0.3876,2.6213776495059307
ca_only,1HEL,0.3,8,0.9566,0.9566,0.4961,2.6028317839252746
ca_only,1IGD,0.1,1,1.0382,1.0382,0.4098,2.8241290043085283
ca_only,1IGD,0.1,2,0.9809,0.9809,0.377,2.6668553319757358
ca_only,1IGD,0.1,3,1.0541,1.0541,0.459,2.8693915390639058
ca_only,1IGD,0.1,4,0.968,0.968,0.377,2.6326738428088614
ca_only,1IGD,0.1,5,1.0474,1.0474,0.3443,2.8502308756514045
ca_only,1IGD,0.1,6,1.0004,1.0004,0.377,2.719369358681973
ca_only,1IGD,0.1,7,0.9778,0.9778,0.3443,2.6586008814553557
ca_only,1IGD,0.1,8,0.9803,0.9803,0.3443,2.6652556987145175
ca_only,1IGD,0.2,1,1.1015,1.1015,0.3279,3.0086756543596067
ca_only,1IGD,0.2,2,1.167,1.167,0.3115,3.2123411450916888
ca_only,1IGD,0.2,3,1.0012,1.0012,0.3934,2.721545724599213
ca_only,1IGD,0.2,4,0.9122,0.9122,0.377,2.4897940594300643
ca_only,1IGD,0.2,5,1.0285,1.0285,0.3607,2.7968673855710855
ca_only,1IGD,0.2,6,1.1229,1.1229,0.3934,3.0737551806616357
ca_only,1IGD,0.2,7,1.0813,1.0813,0.3443,2.9485101238147235
ca_only,1IGD,0.2,8,1.1007,1.1007,0.4262,3.0062696763556396
ca_only,1IGD,0.3,1,1.0542,1.0542,0.377,2.869678492565248
ca_only,1IGD,0.3,2,1.0812,1.0812,0.377,2.9482152875444014
ca_only,1IGD,0.3,3,1.2896,1.2896,0.4098,3.6313337317146868
ca_only,1IGD,0.3,4,1.0651,1.0651,0.459,2.901129082462718
ca_only,1IGD,0.3,5,1.2574,1.2574,0.3443,3.5162672971024342
ca_only,1IGD,0.3,6,1.2987,1.2987,0.3934,3.6645296811638857
ca_only,1IGD,0.3,7,1.1181,1.1181,0.3115,3.059036508866607
ca_only,1IGD,0.3,8,1.0217,1.0217,0.377,2.777913204601221
ca_only,1LZ1,0.1,1,0.8716,0.8716,0.4077,2.3907329677659246
ca_only,1LZ1,0.1,2,0.9037,0.9037,0.4538,2.468720499435127
ca_only,1LZ1,0.1,3,0.8955,0.8955,0.3692,2.4485597633250085
ca_only,1LZ1,0.1,4,0.907,0.907,0.4077,2.4768807340649905
ca_only,1LZ1,0.1,5,0.9174,0.9174,0.4154,2.5027747089782086
ca_only,1LZ1,0.1,6,0.9177,0.9177,0.3923,2.5035256540270274
ca_only,1LZ1,0.1,7,0.9296,0.9296,0.4154,2.53349557668051
ca_only,1LZ1,0.1,8,0.8586,0.8586,0.4,2.3598545835517126
ca_only,1LZ1,0.2,1,0.8683,0.8683,0.4231,2.382856552205817
ca_only,1LZ1,0.2,2,0.9865,0.9865,0.4231,2.6818316162928855
ca_only,1LZ1,0.2,3,0.9363,0.9363,0.4308,2.550526988562448
ca_only,1LZ1,0.2,4,0.9071,0.9071,0.3692,2.4771284345232134
ca_only,1LZ1,0.2,5,0.9406,0.9406,0.3615,2.5615178680690973
ca_only,1LZ1,0.2,6,0.9315,0.9315,0.4385,2.5383137941333023
ca_only,1LZ1,0.2,7,0.9684,0.9684,0.3769,2.6337271229879775
ca_only,1LZ1,0.2,8,0.9736,0.9736,0.4077,2.647458173819055
ca_only,1LZ1,0.3,1,0.9558,0.9558,0.3846,2.600750351182241
ca_only,1LZ1,0.3,2,1.0423,1.0423,0.3923,2.835731702504052
ca_only,1LZ1,0.3,3,0.9529,0.9529,0.4077,2.593219100755083
ca_only,1LZ1,0.3,4,1.0214,1.0214,0.3538,2.777079955633435
ca_only,1LZ1,0.3,5,0.9672,0.9672,0.4231,2.6305685459656343
ca_only,1LZ1,0.3,6,0.9525,0.9525,0.4,2.5921820205446506
ca_only,1LZ1,0.3,7,0.8661,0.8661,0.3846,2.3776200300773693
ca_only,1LZ1,0.3,8,0.9812,0.9812,0.3923,2.66765550859582
ca_only,1MBN,0.1,1,1.0029,1.0029,0.3922,2.726176287194043
ca_only,1MBN,0.1,2,0.9785,0.9785,0.3725,2.6604625535816004
ca_only,1MBN,0.1,3,1.0016,1.0016,0.4183,2.722634560641743
ca_only,1MBN,0.1,4,0.9911,0.9911,0.4248,2.694196459062872
ca_only,1MBN,0.1,5,0.9724,0.9724,0.4248,2.644283129418118
ca_only,1MBN,0.1,6,1.0312,1.0312,0.3791,2.8044291312750675
ca_only,1MBN,0.1,7,0.9751,0.9751,0.4248,2.6514323409599827
ca_only,1MBN,0.1,8,1.023,1.023,0.4052,2.78152684012137
ca_only,1MBN,0.2,1,1.035,1.035,0.3856,2.8151062356240635
ca_only,1MBN,0.2,2,1.0624,1.0624,0.3791,2.893306599044841
ca_only,1MBN,0.2,3,1.0999,1.0999,0.3791,3.0038656223643683
ca_only,1MBN,0.2,4,1.0489,1.0489,0.4314,2.8545094300784726
ca_only,1MBN,0.2,5,1.0341,1.0341,0.3856,2.812573779788069
ca_only,1MBN,0.2,6,1.0231,1.0231,0.4248,2.78180500671348
ca_only,1MBN,0.2,7,1.053,1.053,0.3725,2.8662369437164648
ca_only,1MBN,0.2,8,1.0627,1.0627,0.4052,2.8941747212363724
ca_only,1MBN,0.3,1,1.1392,1.1392,0.3333,3.1242679507931195
ca_only,1MBN,0.3,2,1.1145,1.1145,0.3725,3.0480437762255894
ca_only,1MBN,0.3,3,1.1373,1.1373,0.3399,3.1183374774204005
ca_only,1MBN,0.3,4,1.1084,1.1084,0.3137,3.0295073029126964
ca_only,1MBN,0.3,5,1.1541,1.1541,0.3987,3.171168081545752
ca_only,1MBN,0.3,6,1.1302,1.1302,0.3725,3.0962756933419944
ca_only,1MBN,0.3,7,1.1724,1.1724,0.4052,3.2297347076276948
ca_only,1MBN,0.3,8,1.1055,1.1055,0.3987,3.0207344585069387
ca_only,1PIN,0.1,1,0.9688,0.9688,0.4837,2.634780824563438
ca_only,1PIN,0.1,2,0.9784,0.9784,0.4444,2.6601965206281117
ca_only,1PIN,0.1,3,0.95,0.95,0.5229,2.585709659315846
ca_only,1PIN,0.1,4,0.9226,0.9226,0.4967,2.5158230337069782
ca_only,1PIN,0.1,5,0.9783,0.9783,0.4641,2.659930514276588
ca_only,1PIN,0.1,6,0.9396,0.9396,0.4379,2.5589576305331496
ca_only,1PIN,0.1,7,0.9511,0.9511,0.4444,2.5885555048691917
ca_only,1PIN,0.1,8,0.9497,0.9497,0.4379,2.5849340627633515
ca_only,1PIN,0.2,1,0.9935,0.9935,0.4575,2.70067029606158
ca_only,1PIN,0.2,2,1.0068,1.0068,0.4575,2.7368291342634046
ca_only,1PIN,0.2,3,0.9797,0.9797,0.4641,2.66365702494538
ca_only,1PIN,0.2,4,0.9732,0.9732,0.4771,2.6463994023179445
ca_only,1PIN,0.2,5,0.9945,0.9945,0.4771,2.703372317143014
ca_only,1PIN,0.2,6,0.9993,0.9993,0.4837,2.716379697002804
ca_only,1PIN,0.2,7,1.0132,1.0132,0.4314,2.7544010107488135
ca_only,1PIN,0.2,8,1.0177,1.0177,0.4444,2.766823745486986
ca_only,1PIN,0.3,1,1.0393,1.0393,0.4444,2.827237255437973
ca_only,1PIN,0.3,2,1.0801,1.0801,0.4379,2.944974033744519
ca_only,1PIN,0.3,3,1.0412,1.0412,0.4248,2.8326141126200906
ca_only,1PIN,0.3,4,1.0108,1.0108,0.4575,2.7477983746555927
ca_only,1PIN,0.3,5,0.9911,0.9911,0.4052,2.694196459062872
ca_only,1PIN,0.3,6,1.0241,1.0241,0.451,2.784588203086447
ca_only,1PIN,0.3,7,1.0712,1.0712,0.4444,2.91888005529009
ca_only,1PIN,0.3,8,0.9863,0.9863,0.4314,2.6812953036026834
ca_only,1R69,0.1,1,0.8404,0.8404,0.4127,2.317293708905873
ca_only,1R69,0.1,2,0.9149,0.9149,0.5397,2.4965255868631577
ca_only,1R69,0.1,3,0.863,0.863,0.4286,2.3702608206522378
ca_only,1R69,0.1,4,0.8387,0.8387,0.4603,2.313357656193471
ca_only,1R69,0.1,5,0.844,0.844,0.4603,2.3256510003566726
ca_only,1R69,0.1,6,0.8489,0.8489,0.4603,2.3370746553563486
ca_only,1R69,0.1,7,0.8521,0.8521,0.4762,2.3445652728494855
ca_only,1R69,0.1,8,0.8359,0.8359,0.4762,2.3068893146602583
ca_only,1R69,0.2,1,0.8977,0.8977,0.4286,2.453952524666719
ca_only,1R69,0.2,2,0.8746,0.8746,0.4921,2.3979159357339492
ca_only,1R69,0.2,3,0.944,0.944,0.4444,2.570241851187732
ca_only,1R69,0.2,4,0.937,0.937,0.4286,2.5523129824793847
ca_only,1R69,0.2,5,0.8828,0.8828,0.4603,2.4176596851488834
ca_only,1R69,0.2,6,0.8634,0.8634,0.4286,2.3712091146266494
ca_only,1R69,0.2,7,0.9054,0.9054,0.4444,2.4729208936076184
ca_only,1R69,0.2,8,0.8918,0.8918,0.4444,2.439516831940243
ca_only,1R69,0.3,1,0.9757,0.9757,0.4603,2.653023677717846
ca_only,1R69,0.3,2,0.9617,0.9617,0.4762,2.6161401334687944
ca_only,1R69,0.3,3,0.8494,0.8494,0.4762,2.3382434848670544
ca_only,1R69,0.3,4,0.9715,0.9715,0.4444,2.641904345215101
ca_only,1R69,0.3,5,0.9813,0.9813,0.4444,2.667922287485402
ca_only,1R69,0.3,6,0.856,0.856,0.4286,2.353726931034661
ca_only,1R69,0.3,7,1.023,1.023,0.3968,2.78152684012137
ca_only,1R69,0.3,8,1.0388,1.0388,0.381,2.825823990156018
ca_only,1RIS,0.1,1,1.007,1.007,0.4021,2.7373765548304894
ca_only,1RIS,0.1,2,0.9211,0.9211,0.3402,2.512052128042711
ca_only,1RIS,0.1,3,1.0088,1.0088,0.3299,2.7423082698411307
ca_only,1RIS,0.1,4,1.0526,1.0526,0.3299,2.8650906782073635
ca_only,1RIS,0.1,5,1.0346,1.0346,0.3608,2.8139804183082884
ca_only,1RIS,0.1,6,1.0439,1.0439,0.3505,2.840272504901272
ca_only,1RIS,0.1,7,1.0094,1.0094,0.3711,2.7439541485172625
ca_only,1RIS,0.1,8,1.0046,1.0046,0.3299,2.730814728440241
ca_only,1RIS,0.2,1,1.0322,1.0322,0.3093,2.8072349630884306
ca_only,1RIS,0.2,2,1.0315,1.0315,0.3196,2.8052705862263827
ca_only,1RIS,0.2,3,1.0237,1.0237,0.3299,2.7834745905425695
ca_only,1RIS,0.2,4,1.0572,1.0572,0.299,2.878300454519404
ca_only,1RIS,0.2,5,1.0358,1.0358,0.3402,2.817359221686829
ca_only,1RIS,0.2,6,1.0236,1.0236,0.3918,2.7831962570004243
ca_only,1RIS,0.2,7,1.0273,1.0273,0.299,2.793513157647662
ca_only,1RIS,0.2,8,1.0247,1.0247,0.3299,2.7862594573344355
ca_only,1RIS,0.3,1,1.0658,1.0658,0.3299,2.9031605837629444
ca_only,1RIS,0.3,2,1.0876,1.0876,0.3608,2.967144373849625
ca_only,1RIS,0.3,3,1.0598,1.0598,0.2474,2.885793772793676
ca_only,1RIS,0.3,4,1.1111,1.1111,0.299,3.0376980251296906
ca_only,1RIS,0.3,5,1.0783,1.0783,0.3093,2.9396778484804864
ca_only,1RIS,0.3,6,1.1475,1.1475,0.3196,3.150307288549063
ca_only,1RIS,0.3,7,1.1595,1.1595,0.3196,3.188338708153337
ca_only,1RIS,0.3,8,1.1239,1.1239,0.3196,3.0768304732323077
ca_only,1SHG,0.1,1,0.8145,0.8145,0.4561,2.258046366863425
ca_only,1SHG,0.1,2,0.7545,0.7545,0.4035,2.1265479835007413
ca_only,1SHG,0.1,3,0.8397,0.8397,0.4211,2.3156721709141483
ca_only,1SHG,0.1,4,0.8123,0.8123,0.4035,2.2530841253234573
ca_only,1SHG,0.1,5,0.786,0.786,0.4035,2.194600444242912
ca_only,1SHG,0.1,6,0.7723,0.7723,0.4737,2.164739433132527
ca_only,1SHG,0.1,7,0.7801,0.7801,0.4211,2.181690423632476
ca_only,1SHG,0.1,8,0.8333,0.8333,0.4386,2.3008991929747675
ca_only,1SHG,0.2,1,0.8117,0.8117,0.4737,2.2517326803223066
ca_only,1SHG,0.2,2,0.816,0.816,0.386,2.2614359779865105
ca_only,1SHG,0.2,3,0.7817,0.7817,0.4211,2.185183922363993
ca_only,1SHG,0.2,4,0.8511,0.8511,0.4386,2.3422218794686094
ca_only,1SHG,0.2,5,0.7986,0.7986,0.3684,2.22242735120523
ca_only,1SHG,0.2,6,0.8242,0.8242,0.4035,2.2800559907242035
ca_only,1SHG,0.2,7,0.8522,0.8522,0.4035,2.3447997410999877
ca_only,1SHG,0.2,8,0.827,0.827,0.4561,2.2864490936655226
ca_only,1SHG,0.3,1,0.819,0.819,0.4211,2.26823047256647
ca_only,1SHG,0.3,2,0.9,0.9,0.4035,2.45960311115695
ca_only,1SHG,0.3,3,0.9939,0.9939,0.4035,2.7017507802624383
ca_only,1SHG,0.3,4,0.9354,0.9354,0.4737,2.5482325469263527
ca_only,1SHG,0.3,5,0.8729,0.8729,0.4386,2.393842941669069
ca_only,1SHG,0.3,6,0.8434,0.8434,0.4737,2.324256028289928
ca_only,1SHG,0.3,7,0.9142,0.9142,0.4561,2.494778630458429
ca_only,1SHG,0.3,8,0.8625,0.8625,0.3333,2.36907598647514
ca_only,1STN,0.1,1,0.9572,0.9572,0.4191,2.604393951599067
ca_only,1STN,0.1,2,0.9171,0.9171,0.4412,2.5020239891791154
ca_only,1STN,0.1,3,0.9823,0.9823,0.4926,2.6705915441787957
ca_only,1STN,0.1,4,0.9577,0.9577,0.4265,2.6056964741783752
ca_only,1STN,0.1,5,0.9559,0.9559,0.4485,2.601010439221545
ca_only,1STN,0.1,6,0.9694,0.9694,0.4559,2.636362167413591
ca_only,1STN,0.1,7,0.9177,0.9177,0.3971,2.5035256540270274
ca_only,1STN,0.1,8,0.9301,0.9301,0.4926,2.534762641208585
ca_only,1STN,0.2,1,0.959,0.959,0.4412,2.609086082362757
ca_only,1STN,0.2,2,1.0054,1.0054,0.4412,2.733000254316783
ca_only,1STN,0.2,3,1.0199,1.0199,0.4412,2.772917458353413
ca_only,1STN,0.2,4,0.938,0.938,0.4412,2.554866572043847
ca_only,1STN,0.2,5,1.001,1.001,0.4779,2.7210014698815783
ca_only,1STN,0.2,6,0.9846,0.9846,0.4338,2.6767409738636716
ca_only,1STN,0.2,7,0.9319,0.9319,0.4853,2.539329322743137
ca_only,1STN,0.2,8,0.9751,0.9751,0.4191,2.6514323409599827
ca_only,1STN,0.3,1,1.0796,1.0796,0.4412,2.9435019147880546
ca_only,1STN,0.3,2,1.0774,1.0774,0.4118,2.937033328629292
ca_only,1STN,0.3,3,1.0377,1.0377,0.4118,2.822717292763671
ca_only,1STN,0.3,4,1.0167,1.0167,0.3897,2.7640583046923495
ca_only,1STN,0.3,5,1.0018,1.0018,0.4191,2.723179142010193
ca_only,1STN,0.3,6,1.0741,1.0741,0.4485,2.927357093214432
ca_only,1STN,0.3,7,1.0725,1.0725,0.4044,2.9226770668847584
ca_only,1STN,0.3,8,1.0916,1.0916,0.4044,2.979036720181229
ca_only,1TIM,0.1,1,0.9649,0.9649,0.2773,2.6245251908324287
ca_only,1TIM,0.1,2,0.9853,0.9853,0.2854,2.678615348499962
ca_only,1TIM,0.1,3,1.014,1.014,0.2672,2.756605413200825
ca_only,1TIM,0.1,4,0.9974,0.9974,0.2895,2.7112234755400513
ca_only,1TIM,0.1,5,0.9969,0.9969,0.2733,2.7098682026487393
ca_only,1TIM,0.1,6,0.9961,0.9961,0.2935,2.707701175013249
ca_only,1TIM,0.1,7,0.9723,0.9723,0.2733,2.644018714326151
ca_only,1TIM,0.1,8,0.9805,0.9805,0.2895,2.6657888031629287
ca_only,1TIM,0.2,1,1.01,1.01,0.2834,2.7456010150169163
ca_only,1TIM,0.2,2,1.0144,1.0144,0.2713,2.757708275923945
ca_only,1TIM,0.2,3,1.018,1.018,0.3016,2.7676539171301524
ca_only,1TIM,0.2,4,1.0215,1.0215,0.2753,2.7773576775148614
ca_only,1TIM,0.2,5,1.0323,1.0323,0.2753,2.807515700621382
ca_only,1TIM,0.2,6,1.0147,1.0147,0.2753,2.758535712516005
ca_only,1TIM,0.2,7,1.0039,1.0039,0.2733,2.7289038270238573
ca_only,1TIM,0.2,8,1.0485,1.0485,0.2632,2.8533678546367507
ca_only,1TIM,0.3,1,1.0717,1.0717,0.2672,2.92033986023856
ca_only,1TIM,0.3,2,1.102,1.102,0.2591,3.0101803683339323
ca_only,1TIM,0.3,3,1.1049,1.1049,0.3036,3.018922561455307
ca_only,1TIM,0.3,4,1.0779,1.0779,0.2915,2.938502212483969
ca_only,1TIM,0.3,5,1.0625,1.0625,0.2449,2.893595944171761
ca_only,1TIM,0.3,6,1.0718,1.0718,0.2672,2.92063190882677
ca_only,1TIM,0.3,7,1.0726,1.0726,0.2713,2.922969349205319
ca_only,1TIM,0.3,8,1.0887,1.0887,0.2692,2.9704100284415986
ca_only,1TUP,0.1,1,0.992,0.992,0.347,2.696622327353013
ca_only,1TUP,0.1,2,0.9933,0.9933,0.3333,2.7001302160121727
ca_only,1TUP,0.1,3,1.0259,1.0259,0.3402,2.78960497559273
ca_only,1TUP,0.1,4,0.9964,0.9964,0.3385,2.7085136072244915
ca_only,1TUP,0.1,5,0.9995,0.9995,0.3521,2.716923027273421
ca_only,1TUP,0.1,6,0.9952,0.9952,0.3504,2.705265340245801
ca_only,1TUP,0.1,7,1.0255,1.0255,0.3385,2.788489356741138
ca_only,1TUP,0.1,8,0.9869,0.9869,0.3368,2.682904563514541
ca_only,1TUP,0.2,1,1.0234,1.0234,0.347,2.7826396734092387
ca_only,1TUP,0.2,2,1.0287,1.0287,0.3316,2.7974268149892767
ca_only,1TUP,0.2,3,1.0015,1.0015,0.3436,2.722362310798398
ca_only,1TUP,0.2,4,1.0231,1.0231,0.3231,2.78180500671348
ca_only,1TUP,0.2,5,1.0328,1.0328,0.3368,2.808919809469652
ca_only,1TUP,0.2,6,1.0157,1.0157,0.3504,2.761295627956249
ca_only,1TUP,0.2,7,1.0545,1.0545,0.3385,2.8705395252614645
ca_only,1TUP,0.2,8,1.0507,1.0507,0.3265,2.8596521741337226
ca_only,1TUP,0.3,1,1.0793,1.0793,0.3128,2.9426189966579597
ca_only,1TUP,0.3,2,1.102,1.102,0.3197,3.0101803683339323
ca_only,1TUP,0.3,3,1.0935,1.0935,0.3214,2.984702270518007
ca_only,1TUP,0.3,4,1.0743,1.0743,0.3248,2.92794262318412
ca_only,1TUP,0.3,5,1.0646,1.0646,0.3214,2.8996788805021896
ca_only,1TUP,0.3,6,1.0613,1.0613,0.3282,2.8901257115947288
ca_only,1TUP,0.3,7,1.103,1.103,0.3419,3.0131920542942723
ca_only,1TUP,0.3,8,1.1145,1.1145,0.3231,3.0480437762255894
ca_only,1UBI,0.1,1,0.8109,0.8109,0.5132,2.249932014540397
ca_only,1UBI,0.1,2,0.8298,0.8298,0.4868,2.292860122379447
ca_only,1UBI,0.1,3,0.895,0.895,0.5,2.447335789462311
ca_only,1UBI,0.1,4,0.7903,0.7903,0.4605,2.204057544346569
ca_only,1UBI,0.1,5,0.8494,0.8494,0.5,2.3382434848670544
ca_only,1UBI,0.1,6,0.7833,0.7833,0.5132,2.1886830151675456
ca_only,1UBI,0.1,7,0.8929,0.8929,0.4737,2.442201776904376
ca_only,1UBI,0.1,8,0.835,0.835,0.4605,2.3048140482870125
ca_only,1UBI,0.2,1,0.8469,0.8469,0.4474,2.3324051770804046
ca_only,1UBI,0.2,2,0.9368,0.9368,0.4211,2.5518025709257453
ca_only,1UBI,0.2,3,0.8592,0.8592,0.4474,2.361270921160636
ca_only,1UBI,0.2,4,0.852,0.852,0.4342,2.344330828044636
ca_only,1UBI,0.2,5,0.8082,0.8082,0.4737,2.2438653917274087
ca_only,1UBI,0.2,6,0.8379,0.8379,0.5,2.311507710145599
ca_only,1UBI,0.2,7,0.9283,0.9283,0.5,2.530204172307207
ca_only,1UBI,0.2,8,0.8551,0.8551,0.5132,2.351609529770223
ca_only,1UBI,0.3,1,0.9842,0.9842,0.5132,2.675670491584855
ca_only,1UBI,0.3,2,0.9035,0.9035,0.4474,2.4682268047063585
ca_only,1UBI,0.3,3,0.8942,0.8942,0.4868,2.4453787037693964
ca_only,1UBI,0.3,4,0.8773,0.8773,0.4342,2.4043990570356923
ca_only,1UBI,0.3,5,0.8631,0.8631,0.4737,2.3704978585860017
ca_only,1UBI,0.3,6,0.8992,0.8992,0.4868,2.4576362155311755
ca_only,1UBI,0.3,7,0.9756,0.9756,0.4868,2.6527583886147506
ca_only,1UBI,0.3,8,0.9246,0.9246,0.4737,2.5208597147765683
ca_only,1UBQ,0.1,1,0.8168,0.8168,0.4737,2.2632458506214275
ca_only,1UBQ,0.1,2,0.815,0.815,0.4737,2.259175672349701
ca_only,1UBQ,0.1,3,0.8653,0.8653,0.4737,2.3757186946888673
ca_only,1UBQ,0.1,4,0.8677,0.8677,0.4868,2.381427267102903
ca_only,1UBQ,0.1,5,0.908,0.908,0.4737,2.4793588536523394
ca_only,1UBQ,0.1,6,0.8385,0.8385,0.4868,2.312895030926301
ca_only,1UBQ,0.1,7,0.8564,0.8564,0.4868,2.3546686101303385
ca_only,1UBQ,0.1,8,0.7851,0.7851,0.4868,2.1926261923896893
ca_only,1UBQ,0.2,1,0.8633,0.8633,0.4474,2.370972005570837
ca_only,1UBQ,0.2,2,0.9222,0.9222,0.4868,2.5148169057325056
ca_only,1UBQ,0.2,3,0.9583,0.9583,0.5263,2.607260361182067
ca_only,1UBQ,0.2,4,0.886,0.886,0.4868,2.425408587773163
ca_only,1UBQ,0.2,5,0.8512,0.8512,0.4868,2.3424561133680557
ca_only,1UBQ,0.2,6,0.9374,0.9374,0.4737,2.5533341118846424
ca_only,1UBQ,0.2,7,0.8571,0.8571,0.5132,2.356317455185871
ca_only,1UBQ,0.2,8,0.8715,0.8715,0.4474,2.390493906422414
ca_only,1UBQ,0.3,1,1.1173,1.1173,0.4605,3.0565902582902105
ca_only,1UBQ,0.3,2,0.9253,0.9253,0.4737,2.5226249343316764
ca_only,1UBQ,0.3,3,0.9149,0.9149,0.4474,2.4965255868631577
ca_only,1UBQ,0.3,4,0.9462,0.9462,0.5263,2.5759026078094576
ca_only,1UBQ,0.3,5,0.8693,0.8693,0.4605,2.3852406005835407
ca_only,1UBQ,0.3,6,0.8746,0.8746,0.4342,2.3979159357339492
ca_only,1UBQ,0.3,7,0.9964,0.9964,0.4737,2.7085136072244915
ca_only,1UBQ,0.3,8,0.975,0.975,0.4737,2.6511672109826065
ca_only,1VII,0.1,1,1.1505,1.1505,0.25,3.1597724009845303
ca_only,1VII,0.1,2,1.0562,1.0562,0.3056,2.875423592735516
ca_only,1VII,0.1,3,1.0593,1.0593,0.25,2.8843512365713875
ca_only,1VII,0.1,4,1.0603,1.0603,0.2778,2.887237030464423
ca_only,1VII,0.1,5,1.08,1.08,0.2778,2.944679551065524
ca_only,1VII,0.1,6,1.0969,1.0969,0.2778,2.994867529385312
ca_only,1VII,0.1,7,0.9972,0.9972,0.3056,2.710681285065798
ca_only,1VII,0.1,8,1.0582,1.0582,0.1944,2.881180194603988
ca_only,1VII,0.2,1,1.0823,1.0823,0.25,2.9514601086851417
ca_only,1VII,0.2,2,1.009,1.009,0.2222,2.742856786344921
ca_only,1VII,0.2,3,1.1043,1.1043,0.2222,3.0171117512158303
ca_only,1VII,0.2,4,1.1179,1.1179,0.25,3.0584247627414847
ca_only,1VII,0.2,5,1.0992,1.0992,0.3056,3.001763652204099
ca_only,1VII,0.2,6,1.1164,1.1164,0.2778,3.0538405646055122
ca_only,1VII,0.2,7,1.1357,1.1357,0.1944,3.113352126800565
ca_only,1VII,0.2,8,1.1566,1.1566,0.3056,3.179105919913286
ca_only,1VII,0.3,1,1.2608,1.2608,0.1944,3.528242952991046
ca_only,1VII,0.3,2,1.2282,1.2282,0.1944,3.4150768621922616
ca_only,1VII,0.3,3,1.3082,1.3082,0.2778,3.699508599928854
ca_only,1VII,0.3,4,1.099,1.099,0.1667,3.0011633595049294
ca_only,1VII,0.3,5,1.1105,1.1105,0.3056,3.0358759529909167
ca_only,1VII,0.3,6,1.137,1.137,0.3056,3.1174021164883294
ca_only,1VII,0.3,7,1.2303,1.2303,0.2222,3.422256059121286
ca_only,1VII,0.3,8,1.2774,1.2774,0.2778,3.5873006083961623
ca_only,2ACY,0.1,1,0.931,0.931,0.3776,2.5370449544725853
ca_only,2ACY,0.1,2,0.8894,0.8894,0.3878,2.433669011734786
ca_only,2ACY,0.1,3,0.9042,0.9042,0.3571,2.469955168326345
ca_only,2ACY,0.1,4,0.9298,0.9298,0.2857,2.5340023264691354
ca_only,2ACY,0.1,5,0.9291,0.9291,0.3265,2.532229145526342
ca_only,2ACY,0.1,6,0.9085,0.9085,0.3673,2.480598843050682
ca_only,2ACY,0.1,7,0.9151,0.9151,0.3878,2.497024941914371
ca_only,2ACY,0.1,8,0.9463,0.9463,0.3673,2.5761602109501807
ca_only,2ACY,0.2,1,0.9439,0.9439,0.3469,2.569984839853394
ca_only,2ACY,0.2,2,0.9496,0.9496,0.3776,2.5846755822813146
ca_only,2ACY,0.2,3,0.9124,0.9124,0.3673,2.4902920680411516
ca_only,2ACY,0.2,4,0.9116,0.9116,0.3571,2.488300631067718
ca_only,2ACY,0.2,5,0.9419,0.9419,0.3776,2.564850006718433
ca_only,2ACY,0.2,6,0.9338,0.9338,0.3367,2.544158634850033
ca_only,2ACY,0.2,7,0.9646,0.9646,0.3571,2.623737951367003
ca_only,2ACY,0.2,8,0.9357,0.9357,0.3367,2.548997131372363
ca_only,2ACY,0.3,1,0.9997,0.9997,0.3776,2.7174664662209587
ca_only,2ACY,0.3,2,0.9753,0.9753,0.3469,2.651962680460357
ca_only,2ACY,0.3,3,0.9766,0.9766,0.3673,2.655412473824797
ca_only,2ACY,0.3,4,1.0434,1.0434,0.3571,2.8388527236237198
ca_only,2ACY,0.3,5,0.9887,0.9887,0.3571,2.6877381406432175
ca_only,2ACY,0.3,6,1.013,1.013,0.3673,2.753850185631011
ca_only,2ACY,0.3,7,0.9843,0.9843,0.3878,2.6759380720128116
ca_only,2ACY,0.3,8,0.9271,0.9271,0.3776,2.5271697483189626
ca_only,2CI2,0.1,1,0.9914,0.9914,0.5385,2.695004839251556
ca_only,2CI2,0.1,2,0.9421,0.9421,0.5538,2.5653630280201973
ca_only,2CI2,0.1,3,0.9245,0.9245,0.5077,2.520607641408969
ca_only,2CI2,0.1,4,0.9322,0.9322,0.5231,2.5400912358212078
ca_only,2CI2,0.1,5,0.9065,0.9065,0.6154,2.4756426032564547
ca_only,2CI2,0.1,6,0.959,0.959,0.5231,2.609086082362757
ca_only,2CI2,0.1,7,0.9392,0.9392,0.5846,2.557934252170254
ca_only,2CI2,0.1,8,0.976,0.976,0.6,2.6538197042191665
ca_only,2CI2,0.2,1,0.9442,0.9442,0.6154,2.570755950966234
ca_only,2CI2,0.2,2,0.9815,0.9815,0.5231,2.6684559253049023
ca_only,2CI2,0.2,3,0.935,0.935,0.5385,2.5472134577390078
ca_only,2CI2,0.2,4,0.9696,0.9696,0.5846,2.6368894925778323
ca_only,2CI2,0.2,5,0.9884,0.9884,0.5846,2.6869319401371463
ca_only,2CI2,0.2,6,0.9401,0.9401,0.5538,2.5602374292714383
ca_only,2CI2,0.2,7,0.9911,0.9911,0.4923,2.694196459062872
ca_only,2CI2,0.2,8,0.9625,0.9625,0.6308,2.618233882963701
ca_only,2CI2,0.3,1,1.1054,1.1054,0.5692,3.020432400164257
ca_only,2CI2,0.3,2,0.9775,0.9775,0.5385,2.657803420815996
ca_only,2CI2,0.3,3,1.1612,1.1612,0.5385,3.1937634937184596
ca_only,2CI2,0.3,4,1.1568,1.1568,0.5231,3.179741804683626
ca_only,2CI2,0.3,5,0.9391,0.9391,0.5538,2.557678471534282
ca_only,2CI2,0.3,6,0.9483,0.9483,0.5692,2.5813176871291015
ca_only,2CI2,0.3,7,1.0458,1.0458,0.4462,2.8456741526009033
ca_only,2CI2,0.3,8,1.1168,1.1168,0.5385,3.055062345171177
ca_only,2CRO,0.1,1,0.8909,0.8909,0.5077,2.4373222544994793
ca_only,2CRO,0.1,2,0.8112,0.8112,0.4615,2.2506070954018256
ca_only,2CRO,0.1,3,0.8378,0.8378,0.5077,2.3112765709317378
ca_only,2CRO,0.1,4,0.8596,0.8596,0.5231,2.3622156184559637
ca_only,2CRO,0.1,5,0.8712,0.8712,0.4923,2.3897768658119567
ca_only,2CRO,0.1,6,0.8241,0.8241,0.4923,2.2798279965250314
ca_only,2CRO,0.1,7,0.883,0.883,0.5385,2.418143265442331
ca_only,2CRO,0.1,8,0.8676,0.8676,0.4923,2.381189136282932
ca_only,2CRO,0.2,1,0.8624,0.8624,0.5231,2.3688390907214774
ca_only,2CRO,0.2,2,0.9187,0.9187,0.4923,2.50603043186124
ca_only,2CRO,0.2,3,0.8287,0.8287,0.5538,2.290339362916711
ca_only,2CRO,0.2,4,0.9192,0.9192,0.4462,2.5072837603831903
ca_only,2CRO,0.2,5,0.8143,0.8143,0.4308,2.2575948027479695
ca_only,2CRO,0.2,6,0.9193,0.9193,0.4923,2.5075345012960653
ca_only,2CRO,0.2,7,0.8805,0.8805,0.4923,2.412105457683115
ca_only,2CRO,0.2,8,0.885,0.885,0.5231,2.4229843914855502
ca_only,2CRO,0.3,1,0.9681,0.9681,0.4308,2.6329371233569505
ca_only,2CRO,0.3,2,0.9791,0.9791,0.4615,2.6620593100928
ca_only,2CRO,0.3,3,0.928,0.928,0.4769,2.5294452249033177
ca_only,2CRO,0.3,4,0.8626,0.8626,0.4923,2.3693129059195623
ca_only,2CRO,0.3,5,1.0016,1.0016,0.4615,2.722634560641743
ca_only,2CRO,0.3,6,0.8268,0.8268,0.5077,2.285991849572723
ca_only,2CRO,0.3,7,0.9571,0.9571,0.4462,2.6041335252254427
ca_only,2CRO,0.3,8,0.9736,0.9736,0.4154,2.647458173819055
ca_only,2GB1,0.1,1,0.9111,0.9111,0.2857,2.48705679173793
ca_only,2GB1,0.1,2,0.9357,0.9357,0.3036,2.548997131372363
ca_only,2GB1,0.1,3,0.9166,0.9166,0.3393,2.5007732898854056
ca_only,2GB1,0.1,4,1.016,1.016,0.3571,2.7621241409153656
ca_only,2GB1,0.1,5,0.9504,0.9504,0.375,2.586744150063929
ca_only,2GB1,0.1,6,1.091,1.091,0.3393,2.977249834268501
ca_only,2GB1,0.1,7,0.9272,0.9272,0.3036,2.527422477930064
ca_only,2GB1,0.1,8,0.9032,0.9032,0.3036,2.4674864477240464
ca_only,2GB1,0.2,1,0.921,0.921,0.3214,2.511800935389749
ca_only,2GB1,0.2,2,1.0256,1.0256,0.2857,2.788768219619724
ca_only,2GB1,0.2,3,1.0083,1.0083,0.375,2.74093745843762
ca_only,2GB1,0.2,4,0.9961,0.9961,0.2143,2.707701175013249
ca_only,2GB1,0.2,5,0.9159,0.9159,0.3036,2.499023361129006
ca_only,2GB1,0.2,6,1.0013,1.0013,0.2679,2.721817892779855
ca_only,2GB1,0.2,7,0.9821,0.9821,0.3393,2.6700574792782303
ca_only,2GB1,0.2,8,0.9799,0.9799,0.3571,2.6641898096270613
ca_only,2GB1,0.3,1,0.9711,0.9711,0.3571,2.640847794801185
ca_only,2GB1,0.3,2,1.0136,1.0136,0.2679,2.755502991534577
ca_only,2GB1,0.3,3,0.9754,0.9754,0.2679,2.6522278899886587
ca_only,2GB1,0.3,4,1.2411,1.2411,0.3393,3.459416730986842
ca_only,2GB1,0.3,5,1.0124,1.0124,0.3036,2.7521983711135425
ca_only,2GB1,0.3,6,0.9531,0.9531,0.2679,2.5937377964430737
ca_only,2GB1,0.3,7,1.0178,1.0178,0.3036,2.7671004416961145
ca_only,2GB1,0.3,8,0.9893,0.9893,0.375,2.6893512674172415
ca_only,2LZM,0.1,1,0.7443,0.7443,0.628,2.104967441933995
ca_only,2LZM,0.1,2,0.7633,0.7633,0.628,2.145344187756257
ca_only,2LZM,0.1,3,0.7501,0.7501,0.6402,2.1172117271996886
ca_only,2LZM,0.1,4,0.7785,0.7785,0.6463,2.1782025100296343
ca_only,2LZM,0.1,5,0.8018,0.8018,0.6463,2.2295505097042576
ca_only,2LZM,0.1,6,0.7421,0.7421,0.6341,2.1003416038493876
ca_only,2LZM,0.1,7,0.7448,0.7448,0.5976,2.1060201888197514
ca_only,2LZM,0.1,8,0.7716,0.7716,0.6402,2.163224645766766
ca_only,2LZM,0.2,1,0.782,0.782,0.6159,2.185839575883813
ca_only,2LZM,0.2,2,0.7956,0.7956,0.622,2.215770060081268
ca_only,2LZM,0.2,3,0.8268,0.8268,0.6098,2.285991849572723
ca_only,2LZM,0.2,4,0.7888,0.7888,0.6524,2.2007539363554685
ca_only,2LZM,0.2,5,0.8354,0.8354,0.5915,2.3057361583160385
ca_only,2LZM,0.2,6,0.7727,0.7727,0.6341,2.165605502108028
ca_only,2LZM,0.2,7,0.8183,0.8183,0.5854,2.266643266822495
ca_only,2LZM,0.2,8,0.8366,0.8366,0.6463,2.308504702500303
ca_only,2LZM,0.3,1,0.9029,0.9029,0.561,2.4667463128155167
ca_only,2LZM,0.3,2,0.8656,0.8656,0.5976,2.3764315172153068
ca_only,2LZM,0.3,3,0.8249,0.8249,0.6646,2.281652588661794
ca_only,2LZM,0.3,4,0.843,0.843,0.5671,2.3233265117943045
ca_only,2LZM,0.3,5,0.8959,0.8959,0.6402,2.44953938314124
ca_only,2LZM,0.3,6,0.8876,0.8876,0.6098,2.4292923476930004
ca_only,2LZM,0.3,7,0.8656,0.8656,0.5793,2.3764315172153068
ca_only,2LZM,0.3,8,0.8431,0.8431,0.622,2.3235588560625033
ca_only,2PCY,0.1,1,0.9347,0.9347,0.404,2.54644940831483
ca_only,2PCY,0.1,2,0.9211,0.9211,0.4747,2.512052128042711
ca_only,2PCY,0.1,3,0.8672,0.8672,0.3838,2.380236851098153
ca_only,2PCY,0.1,4,0.9443,0.9443,0.4646,2.5710130394155386
ca_only,2PCY,0.1,5,0.8562,0.8562,0.4141,2.3541977234985447
ca_only,2PCY,0.1,6,0.9224,0.9224,0.4444,2.5153199194133435
ca_only,2PCY,0.1,7,0.8538,0.8538,0.3939,2.3485544236307736
ca_only,2PCY,0.1,8,0.9046,0.9046,0.4949,2.4709433480164376
ca_only,2PCY,0.2,1,0.9574,0.9574,0.4848,2.6049148824807387
ca_only,2PCY,0.2,2,0.9706,0.9706,0.4343,2.639527700954748
ca_only,2PCY,0.2,3,0.9499,0.9499,0.4141,2.5854511012780317
ca_only,2PCY,0.2,4,0.9372,0.9372,0.4444,2.5528234961255434
ca_only,2PCY,0.2,5,0.9795,0.9795,0.4444,2.66312434680998
ca_only,2PCY,0.2,6,0.9631,0.9631,0.4444,2.6198052946698485
ca_only,2PCY,0.2,7,0.917,0.917,0.404,2.5017737992899005
ca_only,2PCY,0.2,8,0.9578,0.9578,0.4242,2.60595705685471
ca_only,2PCY,0.3,1,0.9379,0.9379,0.3838,2.5546110981605494
ca_only,2PCY,0.3,2,0.9024,0.9024,0.4343,2.4655132479510136
ca_only,2PCY,0.3,3,0.9754,0.9754,0.3434,2.6522278899886587
ca_only,2PCY,0.3,4,1.0518,1.0518,0.4242,2.862799522249376
ca_only,2PCY,0.3,5,1.0912,1.0912,0.4444,2.977845343784321
ca_only,2PCY,0.3,6,1.031,1.031,0.4747,2.8038683015336563
ca_only,2PCY,0.3,7,1.0205,1.0205,0.4343,2.7745817080534074
ca_only,2PCY,0.3,8,1.0403,1.0403,0.4141,2.830065906783363
ca_only,2PTL,0.1,1,1.5003,1.5003,0.2692,4.483033778755344
ca_only,2PTL,0.1,2,1.4331,1.4331,0.1795,4.1916732588318535
ca_only,2PTL,0.1,3,1.436,1.436,0.2436,4.203846754319332
ca_only,2PTL,0.1,4,1.4786,1.4786,0.2692,4.3867998600439
ca_only,2PTL,0.1,5,1.457,1.457,0.2179,4.293061007215754
ca_only,2PTL,0.1,6,1.5203,1.5203,0.1667,4.573597068471412
ca_only,2PTL,0.1,7,1.4142,1.4142,0.2436,4.113194593724947
ca_only,2PTL,0.1,8,1.4696,1.4696,0.1667,4.34749579489874
ca_only,2PTL,0.2,1,1.4984,1.4984,0.2051,4.474524101329258
ca_only,2PTL,0.2,2,1.5333,1.5333,0.1538,4.633441979469573
ca_only,2PTL,0.2,3,1.5667,1.5667,0.2051,4.790812398169451
ca_only,2PTL,0.2,4,1.6607,1.6607,0.2179,5.262993650869879
ca_only,2PTL,0.2,5,1.4032,1.4032,0.2564,4.068197391526935
ca_only,2PTL,0.2,6,1.4173,1.4173,0.1154,4.125965281304051
ca_only,2PTL,0.2,7,1.4787,1.4787,0.2436,4.387238561964635
ca_only,2PTL,0.2,8,1.5015,1.5015,0.2564,4.488416648365672
ca_only,2PTL,0.3,1,1.6925,1.6925,0.1923,5.433046356893294
ca_only,2PTL,0.3,2,1.7524,1.7524,0.2692,5.768430308950414
ca_only,2PTL,0.3,3,1.521,1.521,0.2051,4.5767997072121265
ca_only,2PTL,0.3,4,1.6445,1.6445,0.1282,5.178420049513346
ca_only,2PTL,0.3,5,1.6098,1.6098,0.2436,5.0018107656375745
ca_only,2PTL,0.3,6,1.6314,1.6314,0.2308,5.111025147274891
ca_only,2PTL,0.3,7,1.644,1.644,0.2436,5.175831486683224
ca_only,2PTL,0.3,8,1.837,1.837,0.1795,6.277676952352567
ca_only,3CHY,0.1,1,0.7808,0.7808,0.4141,2.1832181415679144
ca_only,3CHY,0.1,2,0.8271,0.8271,0.4766,2.2866777500075153
ca_only,3CHY,0.1,3,0.8709,0.8709,0.4375,2.3890600402814193
ca_only,3CHY,0.1,4,0.8212,0.8212,0.4062,2.2732260727514277
ca_only,3CHY,0.1,5,0.8015,0.8015,0.4609,2.2288817448710874
ca_only,3CHY,0.1,6,0.8526,0.8526,0.4609,2.345737848605421
ca_only,3CHY,0.1,7,0.8204,0.8204,0.4375,2.2714082191316267
ca_only,3CHY,0.1,8,0.781,0.781,0.4531,2.1836548288635016
ca_only,3CHY,0.2,1,0.8292,0.8292,0.4844,2.291484818938311
ca_only,3CHY,0.2,2,0.8417,0.8417,0.4688,2.320308149689426
ca_only,3CHY,0.2,3,0.8529,0.8529,0.4609,2.3464416755287623
ca_only,3CHY,0.2,4,0.8432,0.8432,0.4375,2.323791223566291
ca_only,3CHY,0.2,5,0.8431,0.8431,0.4766,2.3235588560625033
ca_only,3CHY,0.2,6,0.8835,0.8835,0.4375,2.4193526393933444
ca_only,3CHY,0.2,7,0.7742,0.7742,0.4375,2.1688563478859897
ca_only,3CHY,0.2,8,0.8439,0.8439,0.4375,2.325418446884504
ca_only,3CHY,0.3,1,0.8526,0.8526,0.4141,2.345737848605421
ca_only,3CHY,0.3,2,0.8636,0.8636,0.4453,2.371683403876919
ca_only,3CHY,0.3,3,0.9102,0.9102,0.4141,2.484819447581257
ca_only,3CHY,0.3,4,0.8662,0.8662,0.4453,2.3778578039688734
ca_only,3CHY,0.3,5,0.8717,0.8717,0.4375,2.3909720530167644
ca_only,3CHY,0.3,6,0.9309,0.9309,0.4375,2.5367912626619398
ca_only,3CHY,0.3,7,0.938,0.938,0.4688,2.554866572043847
ca_only,3CHY,0.3,8,0.8775,0.8775,0.4531,2.4048799849382867
ca_only,3PGK,0.1,1,1.2894,1.2894,0.2024,3.630607537590177
ca_only,3PGK,0.1,2,1.2688,1.2688,0.2,3.5565821020693207
ca_only,3PGK,0.1,3,1.2744,1.2744,0.2048,3.576554833292958
ca_only,3PGK,0.1,4,1.2689,1.2689,0.1904,3.556937778063031
ca_only,3PGK,0.1,5,1.253,1.253,0.1952,3.5008297085958655
ca_only,3PGK,0.1,6,1.2634,1.2634,0.2145,3.537428320472126
ca_only,3PGK,0.1,7,1.2833,1.2833,0.188,3.6085282419268236
ca_only,3PGK,0.1,8,1.3157,1.3157,0.2,3.7273592237178526
ca_only,3PGK,0.2,1,1.3225,1.3225,0.2024,3.752791638650408
ca_only,3PGK,0.2,2,1.3621,1.3621,0.2,3.904383904852148
ca_only,3PGK,0.2,3,1.2964,1.2964,0.1855,3.656110948151431
ca_only,3PGK,0.2,4,1.3472,1.3472,0.1928,3.8466398462159423
ca_only,3PGK,0.2,5,1.292,1.292,0.1928,3.6400593992835644
ca_only,3PGK,0.2,6,1.369,1.369,0.1952,3.9314173117946223
ca_only,3PGK,0.2,7,1.3249,1.3249,0.1928,3.76180915527471
ca_only,3PGK,0.2,8,1.3299,1.3299,0.1783,3.780665302134611
ca_only,3PGK,0.3,1,1.3751,1.3751,0.1904,3.955472250368912
ca_only,3PGK,0.3,2,1.4514,1.4514,0.2,4.269087055292625
ca_only,3PGK,0.3,3,1.4422,1.4422,0.1735,4.229991569372272
ca_only,3PGK,0.3,4,1.4435,1.4435,0.212,4.235494134304718
ca_only,3PGK,0.3,5,1.4302,1.4302,0.1952,4.1795350153411865
ca_only,3PGK,0.3,6,1.4045,1.4045,0.188,4.073489487252839
ca_only,3PGK,0.3,7,1.4381,1.4381,0.1783,4.212684108477541
ca_only,3PGK,0.3,8,1.4139,1.4139,0.1711,4.111960820422078
ca_only,4HHB,0.1,1,0.8559,0.8559,0.4669,2.3534915701098
ca_only,4HHB,0.1,2,0.8456,0.8456,0.4564,2.3293750203788033
ca_only,4HHB,0.1,3,0.837,0.837,0.4477,2.3094282890863056
ca_only,4HHB,0.1,4,0.8336,0.8336,0.4704,2.3015895662834787
ca_only,4HHB,0.1,5,0.8426,0.8426,0.4495,2.322397367030928
ca_only,4HHB,0.1,6,0.8513,0.8513,0.4408,2.342690370692064
ca_only,4HHB,0.1,7,0.8491,0.8491,0.4564,2.3375421170320294
ca_only,4HHB,0.1,8,0.8339,0.8339,0.4495,2.302280146735252
ca_only,4HHB,0.2,1,0.8643,0.8643,0.439,2.3733441634576713
ca_only,4HHB,0.2,2,0.8732,0.8732,0.4634,2.3945612022852756
ca_only,4HHB,0.2,3,0.8619,0.8619,0.446,2.3676549672316582
ca_only,4HHB,0.2,4,0.8641,0.8641,0.4617,2.372869542088699
ca_only,4HHB,0.2,5,0.8733,0.8733,0.4425,2.394800670378709
ca_only,4HHB,0.2,6,0.8749,0.8749,0.4408,2.398635418431678
ca_only,4HHB,0.2,7,0.9082,0.9082,0.4512,2.479854775013553
ca_only,4HHB,0.2,8,0.8666,0.8666,0.4425,2.3788091373444518
ca_only,4HHB,0.3,1,0.9129,0.9129,0.4564,2.4915375254135683
ca_only,4HHB,0.3,2,0.9335,0.9335,0.4443,2.5433955017352687
ca_only,4HHB,0.3,3,0.9117,0.9117,0.439,2.4885494735727423
ca_only,4HHB,0.3,4,0.9098,0.9098,0.4582,2.483825718561278
ca_only,4HHB,0.3,5,0.9128,0.9128,0.453,2.491288384118299
ca_only,4HHB,0.3,6,0.9309,0.9309,0.446,2.5367912626619398
ca_only,4HHB,0.3,7,0.9328,0.9328,0.4355,2.54161574787058
ca_only,4HHB,0.3,8,0.9253,0.9253,0.4408,2.5226249343316764
